{"tilemap": {"4;11": {"type": "concrete", "variant": 0, "pos": [4, 11]}, "5;11": {"type": "concrete", "variant": 0, "pos": [5, 11]}, "6;11": {"type": "concrete", "variant": 0, "pos": [6, 11]}, "7;11": {"type": "concrete", "variant": 0, "pos": [7, 11]}, "8;11": {"type": "concrete", "variant": 0, "pos": [8, 11]}, "9;11": {"type": "concrete", "variant": 0, "pos": [9, 11]}, "10;11": {"type": "concrete", "variant": 0, "pos": [10, 11]}, "11;11": {"type": "concrete", "variant": 0, "pos": [11, 11]}, "12;11": {"type": "concrete", "variant": 0, "pos": [12, 11]}, "13;11": {"type": "concrete", "variant": 0, "pos": [13, 11]}, "14;11": {"type": "concrete", "variant": 0, "pos": [14, 11]}, "15;11": {"type": "concrete", "variant": 0, "pos": [15, 11]}, "16;11": {"type": "concrete", "variant": 0, "pos": [16, 11]}, "17;11": {"type": "concrete", "variant": 0, "pos": [17, 11]}, "18;11": {"type": "concrete", "variant": 0, "pos": [18, 11]}, "19;11": {"type": "concrete", "variant": 0, "pos": [19, 11]}, "20;11": {"type": "concrete", "variant": 0, "pos": [20, 11]}, "21;11": {"type": "concrete", "variant": 0, "pos": [21, 11]}, "22;11": {"type": "concrete", "variant": 0, "pos": [22, 11]}, "23;11": {"type": "concrete", "variant": 0, "pos": [23, 11]}, "5;7": {"type": "buildings", "variant": 0, "pos": [5, 7]}, "8;9": {"type": "spawners", "variant": 0, "pos": [8, 9]}, "4;9": {"type": "spawners", "variant": 2, "pos": [4, 9]}, "3;11": {"type": "concrete", "variant": 0, "pos": [3, 11]}, "3;10": {"type": "concrete", "variant": 0, "pos": [3, 10]}, "3;9": {"type": "concrete", "variant": 0, "pos": [3, 9]}, "3;8": {"type": "concrete", "variant": 0, "pos": [3, 8]}, "3;7": {"type": "concrete", "variant": 0, "pos": [3, 7]}, "3;6": {"type": "concrete", "variant": 0, "pos": [3, 6]}, "3;5": {"type": "concrete", "variant": 0, "pos": [3, 5]}, "3;4": {"type": "concrete", "variant": 0, "pos": [3, 4]}, "3;3": {"type": "concrete", "variant": 0, "pos": [3, 3]}, "3;2": {"type": "concrete", "variant": 0, "pos": [3, 2]}, "3;1": {"type": "concrete", "variant": 0, "pos": [3, 1]}, "24;11": {"type": "concrete", "variant": 0, "pos": [24, 11]}, "25;11": {"type": "concrete", "variant": 0, "pos": [25, 11]}, "26;11": {"type": "concrete", "variant": 0, "pos": [26, 11]}, "27;11": {"type": "concrete", "variant": 0, "pos": [27, 11]}, "28;11": {"type": "concrete", "variant": 0, "pos": [28, 11]}, "29;11": {"type": "concrete", "variant": 0, "pos": [29, 11]}, "31;11": {"type": "concrete", "variant": 0, "pos": [31, 11]}, "32;11": {"type": "concrete", "variant": 0, "pos": [32, 11]}, "33;11": {"type": "concrete", "variant": 0, "pos": [33, 11]}, "35;11": {"type": "concrete", "variant": 0, "pos": [35, 11]}, "36;11": {"type": "concrete", "variant": 0, "pos": [36, 11]}, "37;11": {"type": "concrete", "variant": 0, "pos": [37, 11]}, "38;11": {"type": "concrete", "variant": 0, "pos": [38, 11]}, "40;11": {"type": "concrete", "variant": 0, "pos": [40, 11]}, "41;11": {"type": "concrete", "variant": 0, "pos": [41, 11]}, "42;11": {"type": "concrete", "variant": 0, "pos": [42, 11]}, "43;11": {"type": "concrete", "variant": 0, "pos": [43, 11]}, "44;11": {"type": "concrete", "variant": 0, "pos": [44, 11]}, "45;11": {"type": "concrete", "variant": 0, "pos": [45, 11]}, "46;11": {"type": "concrete", "variant": 0, "pos": [46, 11]}, "47;11": {"type": "concrete", "variant": 0, "pos": [47, 11]}, "48;11": {"type": "concrete", "variant": 0, "pos": [48, 11]}, "49;11": {"type": "concrete", "variant": 0, "pos": [49, 11]}, "50;11": {"type": "concrete", "variant": 0, "pos": [50, 11]}, "51;11": {"type": "concrete", "variant": 0, "pos": [51, 11]}, "52;11": {"type": "concrete", "variant": 0, "pos": [52, 11]}, "53;11": {"type": "concrete", "variant": 0, "pos": [53, 11]}, "54;11": {"type": "concrete", "variant": 0, "pos": [54, 11]}, "55;11": {"type": "concrete", "variant": 0, "pos": [55, 11]}, "56;11": {"type": "concrete", "variant": 0, "pos": [56, 11]}, "57;11": {"type": "concrete", "variant": 0, "pos": [57, 11]}, "58;11": {"type": "concrete", "variant": 0, "pos": [58, 11]}, "59;11": {"type": "concrete", "variant": 0, "pos": [59, 11]}, "60;11": {"type": "concrete", "variant": 0, "pos": [60, 11]}, "61;11": {"type": "concrete", "variant": 0, "pos": [61, 11]}, "62;11": {"type": "concrete", "variant": 0, "pos": [62, 11]}, "63;11": {"type": "concrete", "variant": 0, "pos": [63, 11]}, "64;11": {"type": "concrete", "variant": 0, "pos": [64, 11]}, "65;11": {"type": "concrete", "variant": 0, "pos": [65, 11]}, "66;11": {"type": "concrete", "variant": 0, "pos": [66, 11]}, "67;11": {"type": "concrete", "variant": 0, "pos": [67, 11]}, "68;11": {"type": "concrete", "variant": 0, "pos": [68, 11]}, "69;11": {"type": "concrete", "variant": 0, "pos": [69, 11]}, "70;11": {"type": "concrete", "variant": 0, "pos": [70, 11]}, "71;11": {"type": "concrete", "variant": 0, "pos": [71, 11]}, "72;11": {"type": "concrete", "variant": 0, "pos": [72, 11]}, "73;11": {"type": "concrete", "variant": 0, "pos": [73, 11]}, "74;11": {"type": "concrete", "variant": 0, "pos": [74, 11]}, "75;11": {"type": "concrete", "variant": 0, "pos": [75, 11]}, "76;11": {"type": "concrete", "variant": 0, "pos": [76, 11]}, "77;11": {"type": "concrete", "variant": 0, "pos": [77, 11]}, "30;11": {"type": "concrete", "variant": 0, "pos": [30, 11]}, "34;11": {"type": "concrete", "variant": 0, "pos": [34, 11]}, "39;11": {"type": "concrete", "variant": 0, "pos": [39, 11]}, "18;10": {"type": "concrete", "variant": 0, "pos": [18, 10]}, "18;9": {"type": "concrete", "variant": 0, "pos": [18, 9]}, "18;8": {"type": "concrete", "variant": 0, "pos": [18, 8]}, "18;6": {"type": "concrete", "variant": 0, "pos": [18, 6]}, "18;5": {"type": "concrete", "variant": 0, "pos": [18, 5]}, "19;5": {"type": "concrete", "variant": 0, "pos": [19, 5]}, "20;5": {"type": "concrete", "variant": 0, "pos": [20, 5]}, "21;5": {"type": "concrete", "variant": 0, "pos": [21, 5]}, "21;6": {"type": "concrete", "variant": 0, "pos": [21, 6]}, "21;7": {"type": "concrete", "variant": 0, "pos": [21, 7]}, "21;8": {"type": "concrete", "variant": 0, "pos": [21, 8]}, "21;9": {"type": "concrete", "variant": 0, "pos": [21, 9]}, "21;10": {"type": "concrete", "variant": 0, "pos": [21, 10]}, "22;10": {"type": "concrete", "variant": 0, "pos": [22, 10]}, "22;9": {"type": "concrete", "variant": 0, "pos": [22, 9]}, "22;8": {"type": "concrete", "variant": 0, "pos": [22, 8]}, "22;7": {"type": "concrete", "variant": 0, "pos": [22, 7]}, "22;6": {"type": "concrete", "variant": 0, "pos": [22, 6]}, "23;6": {"type": "concrete", "variant": 0, "pos": [23, 6]}, "24;6": {"type": "concrete", "variant": 0, "pos": [24, 6]}, "25;6": {"type": "concrete", "variant": 0, "pos": [25, 6]}, "25;8": {"type": "concrete", "variant": 0, "pos": [25, 8]}, "25;9": {"type": "concrete", "variant": 0, "pos": [25, 9]}, "25;10": {"type": "concrete", "variant": 0, "pos": [25, 10]}, "30;10": {"type": "concrete", "variant": 0, "pos": [30, 10]}, "30;9": {"type": "concrete", "variant": 0, "pos": [30, 9]}, "30;8": {"type": "concrete", "variant": 0, "pos": [30, 8]}, "30;7": {"type": "concrete", "variant": 0, "pos": [30, 7]}, "30;6": {"type": "concrete", "variant": 0, "pos": [30, 6]}, "30;5": {"type": "concrete", "variant": 0, "pos": [30, 5]}, "31;5": {"type": "concrete", "variant": 0, "pos": [31, 5]}, "32;5": {"type": "concrete", "variant": 0, "pos": [32, 5]}, "33;5": {"type": "concrete", "variant": 0, "pos": [33, 5]}, "33;6": {"type": "concrete", "variant": 0, "pos": [33, 6]}, "33;7": {"type": "concrete", "variant": 0, "pos": [33, 7]}, "33;8": {"type": "concrete", "variant": 0, "pos": [33, 8]}, "33;9": {"type": "concrete", "variant": 0, "pos": [33, 9]}, "33;10": {"type": "concrete", "variant": 0, "pos": [33, 10]}, "34;10": {"type": "concrete", "variant": 0, "pos": [34, 10]}, "34;9": {"type": "concrete", "variant": 0, "pos": [34, 9]}, "34;8": {"type": "concrete", "variant": 0, "pos": [34, 8]}, "34;7": {"type": "concrete", "variant": 0, "pos": [34, 7]}, "34;6": {"type": "concrete", "variant": 0, "pos": [34, 6]}, "35;6": {"type": "concrete", "variant": 0, "pos": [35, 6]}, "36;6": {"type": "concrete", "variant": 0, "pos": [36, 6]}, "37;6": {"type": "concrete", "variant": 0, "pos": [37, 6]}, "37;7": {"type": "concrete", "variant": 0, "pos": [37, 7]}, "37;8": {"type": "concrete", "variant": 0, "pos": [37, 8]}, "37;9": {"type": "concrete", "variant": 0, "pos": [37, 9]}, "37;10": {"type": "concrete", "variant": 0, "pos": [37, 10]}, "38;10": {"type": "concrete", "variant": 0, "pos": [38, 10]}, "38;9": {"type": "concrete", "variant": 0, "pos": [38, 9]}, "38;8": {"type": "concrete", "variant": 0, "pos": [38, 8]}, "38;7": {"type": "concrete", "variant": 0, "pos": [38, 7]}, "38;6": {"type": "concrete", "variant": 0, "pos": [38, 6]}, "38;5": {"type": "concrete", "variant": 0, "pos": [38, 5]}, "39;5": {"type": "concrete", "variant": 0, "pos": [39, 5]}, "40;5": {"type": "concrete", "variant": 0, "pos": [40, 5]}, "41;5": {"type": "concrete", "variant": 0, "pos": [41, 5]}, "41;8": {"type": "concrete", "variant": 0, "pos": [41, 8]}, "41;9": {"type": "concrete", "variant": 0, "pos": [41, 9]}, "41;10": {"type": "concrete", "variant": 0, "pos": [41, 10]}, "46;10": {"type": "concrete", "variant": 0, "pos": [46, 10]}, "46;9": {"type": "concrete", "variant": 0, "pos": [46, 9]}, "46;8": {"type": "concrete", "variant": 0, "pos": [46, 8]}, "46;7": {"type": "concrete", "variant": 0, "pos": [46, 7]}, "47;7": {"type": "concrete", "variant": 0, "pos": [47, 7]}, "48;7": {"type": "concrete", "variant": 0, "pos": [48, 7]}, "49;7": {"type": "concrete", "variant": 0, "pos": [49, 7]}, "49;8": {"type": "concrete", "variant": 0, "pos": [49, 8]}, "49;9": {"type": "concrete", "variant": 0, "pos": [49, 9]}, "49;10": {"type": "concrete", "variant": 0, "pos": [49, 10]}, "50;10": {"type": "concrete", "variant": 0, "pos": [50, 10]}, "50;9": {"type": "concrete", "variant": 0, "pos": [50, 9]}, "50;8": {"type": "concrete", "variant": 0, "pos": [50, 8]}, "50;7": {"type": "concrete", "variant": 0, "pos": [50, 7]}, "50;6": {"type": "concrete", "variant": 0, "pos": [50, 6]}, "51;6": {"type": "concrete", "variant": 0, "pos": [51, 6]}, "52;6": {"type": "concrete", "variant": 0, "pos": [52, 6]}, "53;6": {"type": "concrete", "variant": 0, "pos": [53, 6]}, "53;7": {"type": "concrete", "variant": 0, "pos": [53, 7]}, "53;8": {"type": "concrete", "variant": 0, "pos": [53, 8]}, "53;9": {"type": "concrete", "variant": 0, "pos": [53, 9]}, "53;10": {"type": "concrete", "variant": 0, "pos": [53, 10]}, "54;10": {"type": "concrete", "variant": 0, "pos": [54, 10]}, "54;9": {"type": "concrete", "variant": 0, "pos": [54, 9]}, "54;8": {"type": "concrete", "variant": 0, "pos": [54, 8]}, "54;7": {"type": "concrete", "variant": 0, "pos": [54, 7]}, "54;6": {"type": "concrete", "variant": 0, "pos": [54, 6]}, "54;5": {"type": "concrete", "variant": 0, "pos": [54, 5]}, "55;5": {"type": "concrete", "variant": 0, "pos": [55, 5]}, "56;5": {"type": "concrete", "variant": 0, "pos": [56, 5]}, "57;5": {"type": "concrete", "variant": 0, "pos": [57, 5]}, "57;6": {"type": "concrete", "variant": 0, "pos": [57, 6]}, "57;8": {"type": "concrete", "variant": 0, "pos": [57, 8]}, "57;9": {"type": "concrete", "variant": 0, "pos": [57, 9]}, "57;10": {"type": "concrete", "variant": 0, "pos": [57, 10]}, "49;3": {"type": "buildings", "variant": 1, "pos": [49, 3]}, "53;3": {"type": "buildings", "variant": 3, "pos": [53, 3]}, "29;3": {"type": "buildings", "variant": 3, "pos": [29, 3]}, "17;3": {"type": "buildings", "variant": 3, "pos": [17, 3]}, "21;3": {"type": "buildings", "variant": 1, "pos": [21, 3]}, "33;3": {"type": "buildings", "variant": 1, "pos": [33, 3]}, "2;1": {"type": "concrete", "variant": 0, "pos": [2, 1]}, "2;2": {"type": "concrete", "variant": 0, "pos": [2, 2]}, "2;3": {"type": "concrete", "variant": 0, "pos": [2, 3]}, "2;4": {"type": "concrete", "variant": 0, "pos": [2, 4]}, "2;5": {"type": "concrete", "variant": 0, "pos": [2, 5]}, "2;6": {"type": "concrete", "variant": 0, "pos": [2, 6]}, "2;7": {"type": "concrete", "variant": 0, "pos": [2, 7]}, "2;8": {"type": "concrete", "variant": 0, "pos": [2, 8]}, "2;9": {"type": "concrete", "variant": 0, "pos": [2, 9]}, "2;10": {"type": "concrete", "variant": 0, "pos": [2, 10]}, "2;11": {"type": "concrete", "variant": 0, "pos": [2, 11]}, "1;5": {"type": "concrete", "variant": 0, "pos": [1, 5]}, "1;4": {"type": "concrete", "variant": 0, "pos": [1, 4]}, "1;3": {"type": "concrete", "variant": 0, "pos": [1, 3]}, "1;2": {"type": "concrete", "variant": 0, "pos": [1, 2]}, "1;1": {"type": "concrete", "variant": 0, "pos": [1, 1]}, "1;6": {"type": "concrete", "variant": 0, "pos": [1, 6]}, "1;7": {"type": "concrete", "variant": 0, "pos": [1, 7]}, "1;8": {"type": "concrete", "variant": 0, "pos": [1, 8]}, "1;9": {"type": "concrete", "variant": 0, "pos": [1, 9]}, "1;10": {"type": "concrete", "variant": 0, "pos": [1, 10]}, "1;11": {"type": "concrete", "variant": 0, "pos": [1, 11]}, "0;9": {"type": "concrete", "variant": 0, "pos": [0, 9]}, "0;8": {"type": "concrete", "variant": 0, "pos": [0, 8]}, "-1;7": {"type": "concrete", "variant": 0, "pos": [-1, 7]}, "-1;6": {"type": "concrete", "variant": 0, "pos": [-1, 6]}, "-1;5": {"type": "concrete", "variant": 0, "pos": [-1, 5]}, "-1;4": {"type": "concrete", "variant": 0, "pos": [-1, 4]}, "-1;3": {"type": "concrete", "variant": 0, "pos": [-1, 3]}, "-1;2": {"type": "concrete", "variant": 0, "pos": [-1, 2]}, "-1;1": {"type": "concrete", "variant": 0, "pos": [-1, 1]}, "0;1": {"type": "concrete", "variant": 0, "pos": [0, 1]}, "0;2": {"type": "concrete", "variant": 0, "pos": [0, 2]}, "0;3": {"type": "concrete", "variant": 0, "pos": [0, 3]}, "0;4": {"type": "concrete", "variant": 0, "pos": [0, 4]}, "0;5": {"type": "concrete", "variant": 0, "pos": [0, 5]}, "0;6": {"type": "concrete", "variant": 0, "pos": [0, 6]}, "0;7": {"type": "concrete", "variant": 0, "pos": [0, 7]}, "0;10": {"type": "concrete", "variant": 0, "pos": [0, 10]}, "-1;11": {"type": "concrete", "variant": 0, "pos": [-1, 11]}, "-2;11": {"type": "concrete", "variant": 0, "pos": [-2, 11]}, "-2;10": {"type": "concrete", "variant": 0, "pos": [-2, 10]}, "-2;9": {"type": "concrete", "variant": 0, "pos": [-2, 9]}, "-3;9": {"type": "concrete", "variant": 0, "pos": [-3, 9]}, "-3;8": {"type": "concrete", "variant": 0, "pos": [-3, 8]}, "-2;7": {"type": "concrete", "variant": 0, "pos": [-2, 7]}, "-2;6": {"type": "concrete", "variant": 0, "pos": [-2, 6]}, "-2;5": {"type": "concrete", "variant": 0, "pos": [-2, 5]}, "-1;8": {"type": "concrete", "variant": 0, "pos": [-1, 8]}, "-2;8": {"type": "concrete", "variant": 0, "pos": [-2, 8]}, "-1;9": {"type": "concrete", "variant": 0, "pos": [-1, 9]}, "-1;10": {"type": "concrete", "variant": 0, "pos": [-1, 10]}, "0;11": {"type": "concrete", "variant": 0, "pos": [0, 11]}, "-3;11": {"type": "concrete", "variant": 0, "pos": [-3, 11]}, "-3;10": {"type": "concrete", "variant": 0, "pos": [-3, 10]}, "-3;7": {"type": "concrete", "variant": 0, "pos": [-3, 7]}, "-3;6": {"type": "concrete", "variant": 0, "pos": [-3, 6]}, "-3;5": {"type": "concrete", "variant": 0, "pos": [-3, 5]}, "-3;4": {"type": "concrete", "variant": 0, "pos": [-3, 4]}, "-3;3": {"type": "concrete", "variant": 0, "pos": [-3, 3]}, "-3;2": {"type": "concrete", "variant": 0, "pos": [-3, 2]}, "-3;1": {"type": "concrete", "variant": 0, "pos": [-3, 1]}, "-2;1": {"type": "concrete", "variant": 0, "pos": [-2, 1]}, "-2;2": {"type": "concrete", "variant": 0, "pos": [-2, 2]}, "-2;3": {"type": "concrete", "variant": 0, "pos": [-2, 3]}, "-2;4": {"type": "concrete", "variant": 0, "pos": [-2, 4]}, "-4;3": {"type": "concrete", "variant": 0, "pos": [-4, 3]}, "-4;2": {"type": "concrete", "variant": 0, "pos": [-4, 2]}, "-5;2": {"type": "concrete", "variant": 0, "pos": [-5, 2]}, "-4;1": {"type": "concrete", "variant": 0, "pos": [-4, 1]}, "-5;3": {"type": "concrete", "variant": 0, "pos": [-5, 3]}, "-5;4": {"type": "concrete", "variant": 0, "pos": [-5, 4]}, "-4;4": {"type": "concrete", "variant": 0, "pos": [-4, 4]}, "-4;5": {"type": "concrete", "variant": 0, "pos": [-4, 5]}, "-4;6": {"type": "concrete", "variant": 0, "pos": [-4, 6]}, "-4;7": {"type": "concrete", "variant": 0, "pos": [-4, 7]}, "-4;8": {"type": "concrete", "variant": 0, "pos": [-4, 8]}, "-5;6": {"type": "concrete", "variant": 0, "pos": [-5, 6]}, "-5;7": {"type": "concrete", "variant": 0, "pos": [-5, 7]}, "-5;8": {"type": "concrete", "variant": 0, "pos": [-5, 8]}, "-5;9": {"type": "concrete", "variant": 0, "pos": [-5, 9]}, "-5;10": {"type": "concrete", "variant": 0, "pos": [-5, 10]}, "-4;10": {"type": "concrete", "variant": 0, "pos": [-4, 10]}, "-4;9": {"type": "concrete", "variant": 0, "pos": [-4, 9]}, "-4;11": {"type": "concrete", "variant": 0, "pos": [-4, 11]}, "-5;11": {"type": "concrete", "variant": 0, "pos": [-5, 11]}, "-5;5": {"type": "concrete", "variant": 0, "pos": [-5, 5]}, "-5;1": {"type": "concrete", "variant": 0, "pos": [-5, 1]}, "-5;12": {"type": "concrete", "variant": 0, "pos": [-5, 12]}, "-4;12": {"type": "concrete", "variant": 0, "pos": [-4, 12]}, "-3;12": {"type": "concrete", "variant": 0, "pos": [-3, 12]}, "-2;12": {"type": "concrete", "variant": 0, "pos": [-2, 12]}, "-1;12": {"type": "concrete", "variant": 0, "pos": [-1, 12]}, "0;12": {"type": "concrete", "variant": 0, "pos": [0, 12]}, "1;12": {"type": "concrete", "variant": 0, "pos": [1, 12]}, "2;12": {"type": "concrete", "variant": 0, "pos": [2, 12]}, "3;12": {"type": "concrete", "variant": 0, "pos": [3, 12]}, "4;12": {"type": "concrete", "variant": 0, "pos": [4, 12]}, "5;12": {"type": "concrete", "variant": 0, "pos": [5, 12]}, "6;12": {"type": "concrete", "variant": 0, "pos": [6, 12]}, "7;12": {"type": "concrete", "variant": 0, "pos": [7, 12]}, "8;12": {"type": "concrete", "variant": 0, "pos": [8, 12]}, "9;12": {"type": "concrete", "variant": 0, "pos": [9, 12]}, "10;12": {"type": "concrete", "variant": 0, "pos": [10, 12]}, "11;12": {"type": "concrete", "variant": 0, "pos": [11, 12]}, "12;12": {"type": "concrete", "variant": 0, "pos": [12, 12]}, "13;12": {"type": "concrete", "variant": 0, "pos": [13, 12]}, "14;12": {"type": "concrete", "variant": 0, "pos": [14, 12]}, "15;12": {"type": "concrete", "variant": 0, "pos": [15, 12]}, "16;12": {"type": "concrete", "variant": 0, "pos": [16, 12]}, "17;12": {"type": "concrete", "variant": 0, "pos": [17, 12]}, "18;12": {"type": "concrete", "variant": 0, "pos": [18, 12]}, "19;12": {"type": "concrete", "variant": 0, "pos": [19, 12]}, "20;12": {"type": "concrete", "variant": 0, "pos": [20, 12]}, "21;12": {"type": "concrete", "variant": 0, "pos": [21, 12]}, "22;12": {"type": "concrete", "variant": 0, "pos": [22, 12]}, "23;12": {"type": "concrete", "variant": 0, "pos": [23, 12]}, "24;12": {"type": "concrete", "variant": 0, "pos": [24, 12]}, "25;12": {"type": "concrete", "variant": 0, "pos": [25, 12]}, "26;12": {"type": "concrete", "variant": 0, "pos": [26, 12]}, "27;12": {"type": "concrete", "variant": 0, "pos": [27, 12]}, "28;12": {"type": "concrete", "variant": 0, "pos": [28, 12]}, "29;12": {"type": "concrete", "variant": 0, "pos": [29, 12]}, "30;12": {"type": "concrete", "variant": 0, "pos": [30, 12]}, "31;12": {"type": "concrete", "variant": 0, "pos": [31, 12]}, "32;12": {"type": "concrete", "variant": 0, "pos": [32, 12]}, "33;12": {"type": "concrete", "variant": 0, "pos": [33, 12]}, "34;12": {"type": "concrete", "variant": 0, "pos": [34, 12]}, "35;12": {"type": "concrete", "variant": 0, "pos": [35, 12]}, "36;12": {"type": "concrete", "variant": 0, "pos": [36, 12]}, "37;12": {"type": "concrete", "variant": 0, "pos": [37, 12]}, "38;12": {"type": "concrete", "variant": 0, "pos": [38, 12]}, "39;12": {"type": "concrete", "variant": 0, "pos": [39, 12]}, "40;12": {"type": "concrete", "variant": 0, "pos": [40, 12]}, "41;12": {"type": "concrete", "variant": 0, "pos": [41, 12]}, "42;12": {"type": "concrete", "variant": 0, "pos": [42, 12]}, "43;12": {"type": "concrete", "variant": 0, "pos": [43, 12]}, "44;12": {"type": "concrete", "variant": 0, "pos": [44, 12]}, "45;12": {"type": "concrete", "variant": 0, "pos": [45, 12]}, "46;12": {"type": "concrete", "variant": 0, "pos": [46, 12]}, "47;12": {"type": "concrete", "variant": 0, "pos": [47, 12]}, "48;12": {"type": "concrete", "variant": 0, "pos": [48, 12]}, "49;12": {"type": "concrete", "variant": 0, "pos": [49, 12]}, "50;12": {"type": "concrete", "variant": 0, "pos": [50, 12]}, "51;12": {"type": "concrete", "variant": 0, "pos": [51, 12]}, "52;12": {"type": "concrete", "variant": 0, "pos": [52, 12]}, "53;12": {"type": "concrete", "variant": 0, "pos": [53, 12]}, "54;12": {"type": "concrete", "variant": 0, "pos": [54, 12]}, "55;12": {"type": "concrete", "variant": 0, "pos": [55, 12]}, "56;12": {"type": "concrete", "variant": 0, "pos": [56, 12]}, "57;12": {"type": "concrete", "variant": 0, "pos": [57, 12]}, "58;12": {"type": "concrete", "variant": 0, "pos": [58, 12]}, "59;12": {"type": "concrete", "variant": 0, "pos": [59, 12]}, "60;12": {"type": "concrete", "variant": 0, "pos": [60, 12]}, "61;12": {"type": "concrete", "variant": 0, "pos": [61, 12]}, "62;12": {"type": "concrete", "variant": 0, "pos": [62, 12]}, "63;12": {"type": "concrete", "variant": 0, "pos": [63, 12]}, "64;12": {"type": "concrete", "variant": 0, "pos": [64, 12]}, "64;13": {"type": "concrete", "variant": 0, "pos": [64, 13]}, "63;13": {"type": "concrete", "variant": 0, "pos": [63, 13]}, "63;14": {"type": "concrete", "variant": 0, "pos": [63, 14]}, "62;14": {"type": "concrete", "variant": 0, "pos": [62, 14]}, "61;14": {"type": "concrete", "variant": 0, "pos": [61, 14]}, "60;14": {"type": "concrete", "variant": 0, "pos": [60, 14]}, "60;13": {"type": "concrete", "variant": 0, "pos": [60, 13]}, "61;13": {"type": "concrete", "variant": 0, "pos": [61, 13]}, "62;13": {"type": "concrete", "variant": 0, "pos": [62, 13]}, "59;13": {"type": "concrete", "variant": 0, "pos": [59, 13]}, "58;13": {"type": "concrete", "variant": 0, "pos": [58, 13]}, "57;13": {"type": "concrete", "variant": 0, "pos": [57, 13]}, "56;13": {"type": "concrete", "variant": 0, "pos": [56, 13]}, "55;13": {"type": "concrete", "variant": 0, "pos": [55, 13]}, "54;13": {"type": "concrete", "variant": 0, "pos": [54, 13]}, "53;13": {"type": "concrete", "variant": 0, "pos": [53, 13]}, "52;13": {"type": "concrete", "variant": 0, "pos": [52, 13]}, "51;13": {"type": "concrete", "variant": 0, "pos": [51, 13]}, "50;13": {"type": "concrete", "variant": 0, "pos": [50, 13]}, "49;13": {"type": "concrete", "variant": 0, "pos": [49, 13]}, "48;13": {"type": "concrete", "variant": 0, "pos": [48, 13]}, "47;13": {"type": "concrete", "variant": 0, "pos": [47, 13]}, "46;13": {"type": "concrete", "variant": 0, "pos": [46, 13]}, "45;13": {"type": "concrete", "variant": 0, "pos": [45, 13]}, "44;13": {"type": "concrete", "variant": 0, "pos": [44, 13]}, "43;13": {"type": "concrete", "variant": 0, "pos": [43, 13]}, "42;13": {"type": "concrete", "variant": 0, "pos": [42, 13]}, "41;13": {"type": "concrete", "variant": 0, "pos": [41, 13]}, "40;13": {"type": "concrete", "variant": 0, "pos": [40, 13]}, "39;13": {"type": "concrete", "variant": 0, "pos": [39, 13]}, "38;13": {"type": "concrete", "variant": 0, "pos": [38, 13]}, "37;13": {"type": "concrete", "variant": 0, "pos": [37, 13]}, "36;13": {"type": "concrete", "variant": 0, "pos": [36, 13]}, "35;13": {"type": "concrete", "variant": 0, "pos": [35, 13]}, "34;13": {"type": "concrete", "variant": 0, "pos": [34, 13]}, "33;13": {"type": "concrete", "variant": 0, "pos": [33, 13]}, "32;13": {"type": "concrete", "variant": 0, "pos": [32, 13]}, "31;13": {"type": "concrete", "variant": 0, "pos": [31, 13]}, "30;13": {"type": "concrete", "variant": 0, "pos": [30, 13]}, "29;13": {"type": "concrete", "variant": 0, "pos": [29, 13]}, "28;13": {"type": "concrete", "variant": 0, "pos": [28, 13]}, "27;13": {"type": "concrete", "variant": 0, "pos": [27, 13]}, "26;13": {"type": "concrete", "variant": 0, "pos": [26, 13]}, "25;13": {"type": "concrete", "variant": 0, "pos": [25, 13]}, "24;13": {"type": "concrete", "variant": 0, "pos": [24, 13]}, "23;13": {"type": "concrete", "variant": 0, "pos": [23, 13]}, "22;13": {"type": "concrete", "variant": 0, "pos": [22, 13]}, "21;13": {"type": "concrete", "variant": 0, "pos": [21, 13]}, "20;13": {"type": "concrete", "variant": 0, "pos": [20, 13]}, "19;13": {"type": "concrete", "variant": 0, "pos": [19, 13]}, "18;13": {"type": "concrete", "variant": 0, "pos": [18, 13]}, "17;13": {"type": "concrete", "variant": 0, "pos": [17, 13]}, "16;13": {"type": "concrete", "variant": 0, "pos": [16, 13]}, "15;13": {"type": "concrete", "variant": 0, "pos": [15, 13]}, "14;13": {"type": "concrete", "variant": 0, "pos": [14, 13]}, "13;13": {"type": "concrete", "variant": 0, "pos": [13, 13]}, "12;13": {"type": "concrete", "variant": 0, "pos": [12, 13]}, "11;13": {"type": "concrete", "variant": 0, "pos": [11, 13]}, "10;13": {"type": "concrete", "variant": 0, "pos": [10, 13]}, "9;13": {"type": "concrete", "variant": 0, "pos": [9, 13]}, "8;13": {"type": "concrete", "variant": 0, "pos": [8, 13]}, "7;13": {"type": "concrete", "variant": 0, "pos": [7, 13]}, "6;13": {"type": "concrete", "variant": 0, "pos": [6, 13]}, "5;13": {"type": "concrete", "variant": 0, "pos": [5, 13]}, "4;13": {"type": "concrete", "variant": 0, "pos": [4, 13]}, "3;13": {"type": "concrete", "variant": 0, "pos": [3, 13]}, "2;13": {"type": "concrete", "variant": 0, "pos": [2, 13]}, "1;13": {"type": "concrete", "variant": 0, "pos": [1, 13]}, "0;13": {"type": "concrete", "variant": 0, "pos": [0, 13]}, "-1;13": {"type": "concrete", "variant": 0, "pos": [-1, 13]}, "-2;13": {"type": "concrete", "variant": 0, "pos": [-2, 13]}, "-3;13": {"type": "concrete", "variant": 0, "pos": [-3, 13]}, "-4;13": {"type": "concrete", "variant": 0, "pos": [-4, 13]}, "-4;14": {"type": "concrete", "variant": 0, "pos": [-4, 14]}, "-5;14": {"type": "concrete", "variant": 0, "pos": [-5, 14]}, "-5;15": {"type": "concrete", "variant": 0, "pos": [-5, 15]}, "-4;15": {"type": "concrete", "variant": 0, "pos": [-4, 15]}, "-5;13": {"type": "concrete", "variant": 0, "pos": [-5, 13]}, "-3;14": {"type": "concrete", "variant": 0, "pos": [-3, 14]}, "-2;14": {"type": "concrete", "variant": 0, "pos": [-2, 14]}, "-1;14": {"type": "concrete", "variant": 0, "pos": [-1, 14]}, "0;14": {"type": "concrete", "variant": 0, "pos": [0, 14]}, "1;14": {"type": "concrete", "variant": 0, "pos": [1, 14]}, "2;14": {"type": "concrete", "variant": 0, "pos": [2, 14]}, "3;14": {"type": "concrete", "variant": 0, "pos": [3, 14]}, "4;14": {"type": "concrete", "variant": 0, "pos": [4, 14]}, "5;14": {"type": "concrete", "variant": 0, "pos": [5, 14]}, "6;14": {"type": "concrete", "variant": 0, "pos": [6, 14]}, "7;14": {"type": "concrete", "variant": 0, "pos": [7, 14]}, "8;14": {"type": "concrete", "variant": 0, "pos": [8, 14]}, "9;14": {"type": "concrete", "variant": 0, "pos": [9, 14]}, "10;14": {"type": "concrete", "variant": 0, "pos": [10, 14]}, "11;14": {"type": "concrete", "variant": 0, "pos": [11, 14]}, "12;14": {"type": "concrete", "variant": 0, "pos": [12, 14]}, "13;14": {"type": "concrete", "variant": 0, "pos": [13, 14]}, "14;14": {"type": "concrete", "variant": 0, "pos": [14, 14]}, "15;14": {"type": "concrete", "variant": 0, "pos": [15, 14]}, "16;14": {"type": "concrete", "variant": 0, "pos": [16, 14]}, "17;14": {"type": "concrete", "variant": 0, "pos": [17, 14]}, "18;14": {"type": "concrete", "variant": 0, "pos": [18, 14]}, "19;14": {"type": "concrete", "variant": 0, "pos": [19, 14]}, "20;14": {"type": "concrete", "variant": 0, "pos": [20, 14]}, "21;14": {"type": "concrete", "variant": 0, "pos": [21, 14]}, "22;14": {"type": "concrete", "variant": 0, "pos": [22, 14]}, "23;14": {"type": "concrete", "variant": 0, "pos": [23, 14]}, "24;14": {"type": "concrete", "variant": 0, "pos": [24, 14]}, "25;14": {"type": "concrete", "variant": 0, "pos": [25, 14]}, "26;14": {"type": "concrete", "variant": 0, "pos": [26, 14]}, "27;14": {"type": "concrete", "variant": 0, "pos": [27, 14]}, "28;14": {"type": "concrete", "variant": 0, "pos": [28, 14]}, "29;14": {"type": "concrete", "variant": 0, "pos": [29, 14]}, "30;14": {"type": "concrete", "variant": 0, "pos": [30, 14]}, "31;14": {"type": "concrete", "variant": 0, "pos": [31, 14]}, "32;14": {"type": "concrete", "variant": 0, "pos": [32, 14]}, "33;14": {"type": "concrete", "variant": 0, "pos": [33, 14]}, "34;14": {"type": "concrete", "variant": 0, "pos": [34, 14]}, "35;14": {"type": "concrete", "variant": 0, "pos": [35, 14]}, "36;14": {"type": "concrete", "variant": 0, "pos": [36, 14]}, "37;14": {"type": "concrete", "variant": 0, "pos": [37, 14]}, "38;14": {"type": "concrete", "variant": 0, "pos": [38, 14]}, "39;14": {"type": "concrete", "variant": 0, "pos": [39, 14]}, "40;14": {"type": "concrete", "variant": 0, "pos": [40, 14]}, "41;14": {"type": "concrete", "variant": 0, "pos": [41, 14]}, "42;14": {"type": "concrete", "variant": 0, "pos": [42, 14]}, "43;14": {"type": "concrete", "variant": 0, "pos": [43, 14]}, "44;14": {"type": "concrete", "variant": 0, "pos": [44, 14]}, "45;14": {"type": "concrete", "variant": 0, "pos": [45, 14]}, "46;14": {"type": "concrete", "variant": 0, "pos": [46, 14]}, "47;14": {"type": "concrete", "variant": 0, "pos": [47, 14]}, "48;14": {"type": "concrete", "variant": 0, "pos": [48, 14]}, "49;14": {"type": "concrete", "variant": 0, "pos": [49, 14]}, "50;14": {"type": "concrete", "variant": 0, "pos": [50, 14]}, "51;14": {"type": "concrete", "variant": 0, "pos": [51, 14]}, "52;14": {"type": "concrete", "variant": 0, "pos": [52, 14]}, "53;14": {"type": "concrete", "variant": 0, "pos": [53, 14]}, "54;14": {"type": "concrete", "variant": 0, "pos": [54, 14]}, "55;14": {"type": "concrete", "variant": 0, "pos": [55, 14]}, "56;14": {"type": "concrete", "variant": 0, "pos": [56, 14]}, "57;14": {"type": "concrete", "variant": 0, "pos": [57, 14]}, "58;14": {"type": "concrete", "variant": 0, "pos": [58, 14]}, "59;14": {"type": "concrete", "variant": 0, "pos": [59, 14]}, "64;14": {"type": "concrete", "variant": 0, "pos": [64, 14]}, "64;15": {"type": "concrete", "variant": 0, "pos": [64, 15]}, "63;15": {"type": "concrete", "variant": 0, "pos": [63, 15]}, "62;15": {"type": "concrete", "variant": 0, "pos": [62, 15]}, "61;15": {"type": "concrete", "variant": 0, "pos": [61, 15]}, "60;15": {"type": "concrete", "variant": 0, "pos": [60, 15]}, "59;15": {"type": "concrete", "variant": 0, "pos": [59, 15]}, "58;15": {"type": "concrete", "variant": 0, "pos": [58, 15]}, "57;15": {"type": "concrete", "variant": 0, "pos": [57, 15]}, "56;15": {"type": "concrete", "variant": 0, "pos": [56, 15]}, "55;15": {"type": "concrete", "variant": 0, "pos": [55, 15]}, "54;15": {"type": "concrete", "variant": 0, "pos": [54, 15]}, "53;15": {"type": "concrete", "variant": 0, "pos": [53, 15]}, "52;15": {"type": "concrete", "variant": 0, "pos": [52, 15]}, "51;15": {"type": "concrete", "variant": 0, "pos": [51, 15]}, "50;15": {"type": "concrete", "variant": 0, "pos": [50, 15]}, "49;15": {"type": "concrete", "variant": 0, "pos": [49, 15]}, "48;15": {"type": "concrete", "variant": 0, "pos": [48, 15]}, "47;15": {"type": "concrete", "variant": 0, "pos": [47, 15]}, "46;15": {"type": "concrete", "variant": 0, "pos": [46, 15]}, "45;15": {"type": "concrete", "variant": 0, "pos": [45, 15]}, "44;15": {"type": "concrete", "variant": 0, "pos": [44, 15]}, "43;15": {"type": "concrete", "variant": 0, "pos": [43, 15]}, "42;15": {"type": "concrete", "variant": 0, "pos": [42, 15]}, "41;15": {"type": "concrete", "variant": 0, "pos": [41, 15]}, "40;15": {"type": "concrete", "variant": 0, "pos": [40, 15]}, "39;15": {"type": "concrete", "variant": 0, "pos": [39, 15]}, "38;15": {"type": "concrete", "variant": 0, "pos": [38, 15]}, "37;15": {"type": "concrete", "variant": 0, "pos": [37, 15]}, "36;15": {"type": "concrete", "variant": 0, "pos": [36, 15]}, "35;15": {"type": "concrete", "variant": 0, "pos": [35, 15]}, "34;15": {"type": "concrete", "variant": 0, "pos": [34, 15]}, "33;15": {"type": "concrete", "variant": 0, "pos": [33, 15]}, "32;15": {"type": "concrete", "variant": 0, "pos": [32, 15]}, "31;15": {"type": "concrete", "variant": 0, "pos": [31, 15]}, "30;15": {"type": "concrete", "variant": 0, "pos": [30, 15]}, "29;15": {"type": "concrete", "variant": 0, "pos": [29, 15]}, "28;15": {"type": "concrete", "variant": 0, "pos": [28, 15]}, "27;15": {"type": "concrete", "variant": 0, "pos": [27, 15]}, "26;15": {"type": "concrete", "variant": 0, "pos": [26, 15]}, "25;15": {"type": "concrete", "variant": 0, "pos": [25, 15]}, "24;15": {"type": "concrete", "variant": 0, "pos": [24, 15]}, "23;15": {"type": "concrete", "variant": 0, "pos": [23, 15]}, "22;15": {"type": "concrete", "variant": 0, "pos": [22, 15]}, "21;15": {"type": "concrete", "variant": 0, "pos": [21, 15]}, "20;15": {"type": "concrete", "variant": 0, "pos": [20, 15]}, "19;15": {"type": "concrete", "variant": 0, "pos": [19, 15]}, "18;15": {"type": "concrete", "variant": 0, "pos": [18, 15]}, "17;15": {"type": "concrete", "variant": 0, "pos": [17, 15]}, "16;15": {"type": "concrete", "variant": 0, "pos": [16, 15]}, "15;15": {"type": "concrete", "variant": 0, "pos": [15, 15]}, "14;15": {"type": "concrete", "variant": 0, "pos": [14, 15]}, "13;15": {"type": "concrete", "variant": 0, "pos": [13, 15]}, "12;15": {"type": "concrete", "variant": 0, "pos": [12, 15]}, "11;15": {"type": "concrete", "variant": 0, "pos": [11, 15]}, "10;15": {"type": "concrete", "variant": 0, "pos": [10, 15]}, "9;15": {"type": "concrete", "variant": 0, "pos": [9, 15]}, "8;15": {"type": "concrete", "variant": 0, "pos": [8, 15]}, "7;15": {"type": "concrete", "variant": 0, "pos": [7, 15]}, "6;15": {"type": "concrete", "variant": 0, "pos": [6, 15]}, "5;15": {"type": "concrete", "variant": 0, "pos": [5, 15]}, "4;15": {"type": "concrete", "variant": 0, "pos": [4, 15]}, "3;15": {"type": "concrete", "variant": 0, "pos": [3, 15]}, "2;15": {"type": "concrete", "variant": 0, "pos": [2, 15]}, "1;15": {"type": "concrete", "variant": 0, "pos": [1, 15]}, "0;15": {"type": "concrete", "variant": 0, "pos": [0, 15]}, "-1;15": {"type": "concrete", "variant": 0, "pos": [-1, 15]}, "-2;15": {"type": "concrete", "variant": 0, "pos": [-2, 15]}, "-3;15": {"type": "concrete", "variant": 0, "pos": [-3, 15]}, "-5;16": {"type": "concrete", "variant": 0, "pos": [-5, 16]}, "-4;16": {"type": "concrete", "variant": 0, "pos": [-4, 16]}, "-3;16": {"type": "concrete", "variant": 0, "pos": [-3, 16]}, "-2;16": {"type": "concrete", "variant": 0, "pos": [-2, 16]}, "-1;16": {"type": "concrete", "variant": 0, "pos": [-1, 16]}, "0;16": {"type": "concrete", "variant": 0, "pos": [0, 16]}, "1;16": {"type": "concrete", "variant": 0, "pos": [1, 16]}, "2;16": {"type": "concrete", "variant": 0, "pos": [2, 16]}, "3;16": {"type": "concrete", "variant": 0, "pos": [3, 16]}, "4;16": {"type": "concrete", "variant": 0, "pos": [4, 16]}, "5;16": {"type": "concrete", "variant": 0, "pos": [5, 16]}, "6;16": {"type": "concrete", "variant": 0, "pos": [6, 16]}, "7;16": {"type": "concrete", "variant": 0, "pos": [7, 16]}, "8;16": {"type": "concrete", "variant": 0, "pos": [8, 16]}, "9;16": {"type": "concrete", "variant": 0, "pos": [9, 16]}, "10;16": {"type": "concrete", "variant": 0, "pos": [10, 16]}, "11;16": {"type": "concrete", "variant": 0, "pos": [11, 16]}, "12;16": {"type": "concrete", "variant": 0, "pos": [12, 16]}, "13;16": {"type": "concrete", "variant": 0, "pos": [13, 16]}, "14;16": {"type": "concrete", "variant": 0, "pos": [14, 16]}, "15;16": {"type": "concrete", "variant": 0, "pos": [15, 16]}, "16;16": {"type": "concrete", "variant": 0, "pos": [16, 16]}, "17;16": {"type": "concrete", "variant": 0, "pos": [17, 16]}, "18;16": {"type": "concrete", "variant": 0, "pos": [18, 16]}, "19;16": {"type": "concrete", "variant": 0, "pos": [19, 16]}, "20;16": {"type": "concrete", "variant": 0, "pos": [20, 16]}, "21;16": {"type": "concrete", "variant": 0, "pos": [21, 16]}, "22;16": {"type": "concrete", "variant": 0, "pos": [22, 16]}, "23;16": {"type": "concrete", "variant": 0, "pos": [23, 16]}, "24;16": {"type": "concrete", "variant": 0, "pos": [24, 16]}, "25;16": {"type": "concrete", "variant": 0, "pos": [25, 16]}, "26;16": {"type": "concrete", "variant": 0, "pos": [26, 16]}, "27;16": {"type": "concrete", "variant": 0, "pos": [27, 16]}, "28;16": {"type": "concrete", "variant": 0, "pos": [28, 16]}, "29;16": {"type": "concrete", "variant": 0, "pos": [29, 16]}, "30;16": {"type": "concrete", "variant": 0, "pos": [30, 16]}, "31;16": {"type": "concrete", "variant": 0, "pos": [31, 16]}, "32;16": {"type": "concrete", "variant": 0, "pos": [32, 16]}, "33;16": {"type": "concrete", "variant": 0, "pos": [33, 16]}, "34;16": {"type": "concrete", "variant": 0, "pos": [34, 16]}, "35;16": {"type": "concrete", "variant": 0, "pos": [35, 16]}, "36;16": {"type": "concrete", "variant": 0, "pos": [36, 16]}, "37;16": {"type": "concrete", "variant": 0, "pos": [37, 16]}, "38;16": {"type": "concrete", "variant": 0, "pos": [38, 16]}, "39;16": {"type": "concrete", "variant": 0, "pos": [39, 16]}, "40;16": {"type": "concrete", "variant": 0, "pos": [40, 16]}, "41;16": {"type": "concrete", "variant": 0, "pos": [41, 16]}, "42;16": {"type": "concrete", "variant": 0, "pos": [42, 16]}, "43;16": {"type": "concrete", "variant": 0, "pos": [43, 16]}, "44;16": {"type": "concrete", "variant": 0, "pos": [44, 16]}, "45;16": {"type": "concrete", "variant": 0, "pos": [45, 16]}, "46;16": {"type": "concrete", "variant": 0, "pos": [46, 16]}, "47;16": {"type": "concrete", "variant": 0, "pos": [47, 16]}, "48;16": {"type": "concrete", "variant": 0, "pos": [48, 16]}, "49;16": {"type": "concrete", "variant": 0, "pos": [49, 16]}, "50;16": {"type": "concrete", "variant": 0, "pos": [50, 16]}, "51;16": {"type": "concrete", "variant": 0, "pos": [51, 16]}, "52;16": {"type": "concrete", "variant": 0, "pos": [52, 16]}, "53;16": {"type": "concrete", "variant": 0, "pos": [53, 16]}, "54;16": {"type": "concrete", "variant": 0, "pos": [54, 16]}, "55;16": {"type": "concrete", "variant": 0, "pos": [55, 16]}, "56;16": {"type": "concrete", "variant": 0, "pos": [56, 16]}, "57;16": {"type": "concrete", "variant": 0, "pos": [57, 16]}, "58;16": {"type": "concrete", "variant": 0, "pos": [58, 16]}, "59;16": {"type": "concrete", "variant": 0, "pos": [59, 16]}, "60;16": {"type": "concrete", "variant": 0, "pos": [60, 16]}, "61;16": {"type": "concrete", "variant": 0, "pos": [61, 16]}, "62;16": {"type": "concrete", "variant": 0, "pos": [62, 16]}, "63;16": {"type": "concrete", "variant": 0, "pos": [63, 16]}, "64;16": {"type": "concrete", "variant": 0, "pos": [64, 16]}, "64;17": {"type": "concrete", "variant": 0, "pos": [64, 17]}, "63;17": {"type": "concrete", "variant": 0, "pos": [63, 17]}, "62;17": {"type": "concrete", "variant": 0, "pos": [62, 17]}, "61;17": {"type": "concrete", "variant": 0, "pos": [61, 17]}, "60;17": {"type": "concrete", "variant": 0, "pos": [60, 17]}, "59;17": {"type": "concrete", "variant": 0, "pos": [59, 17]}, "58;17": {"type": "concrete", "variant": 0, "pos": [58, 17]}, "57;17": {"type": "concrete", "variant": 0, "pos": [57, 17]}, "56;17": {"type": "concrete", "variant": 0, "pos": [56, 17]}, "55;17": {"type": "concrete", "variant": 0, "pos": [55, 17]}, "54;17": {"type": "concrete", "variant": 0, "pos": [54, 17]}, "53;17": {"type": "concrete", "variant": 0, "pos": [53, 17]}, "52;17": {"type": "concrete", "variant": 0, "pos": [52, 17]}, "51;17": {"type": "concrete", "variant": 0, "pos": [51, 17]}, "50;17": {"type": "concrete", "variant": 0, "pos": [50, 17]}, "49;17": {"type": "concrete", "variant": 0, "pos": [49, 17]}, "48;17": {"type": "concrete", "variant": 0, "pos": [48, 17]}, "47;17": {"type": "concrete", "variant": 0, "pos": [47, 17]}, "46;17": {"type": "concrete", "variant": 0, "pos": [46, 17]}, "45;17": {"type": "concrete", "variant": 0, "pos": [45, 17]}, "44;17": {"type": "concrete", "variant": 0, "pos": [44, 17]}, "43;17": {"type": "concrete", "variant": 0, "pos": [43, 17]}, "42;17": {"type": "concrete", "variant": 0, "pos": [42, 17]}, "41;17": {"type": "concrete", "variant": 0, "pos": [41, 17]}, "40;17": {"type": "concrete", "variant": 0, "pos": [40, 17]}, "39;17": {"type": "concrete", "variant": 0, "pos": [39, 17]}, "38;17": {"type": "concrete", "variant": 0, "pos": [38, 17]}, "37;17": {"type": "concrete", "variant": 0, "pos": [37, 17]}, "36;17": {"type": "concrete", "variant": 0, "pos": [36, 17]}, "35;17": {"type": "concrete", "variant": 0, "pos": [35, 17]}, "34;17": {"type": "concrete", "variant": 0, "pos": [34, 17]}, "33;17": {"type": "concrete", "variant": 0, "pos": [33, 17]}, "32;17": {"type": "concrete", "variant": 0, "pos": [32, 17]}, "31;17": {"type": "concrete", "variant": 0, "pos": [31, 17]}, "30;17": {"type": "concrete", "variant": 0, "pos": [30, 17]}, "29;17": {"type": "concrete", "variant": 0, "pos": [29, 17]}, "28;17": {"type": "concrete", "variant": 0, "pos": [28, 17]}, "27;17": {"type": "concrete", "variant": 0, "pos": [27, 17]}, "26;17": {"type": "concrete", "variant": 0, "pos": [26, 17]}, "25;17": {"type": "concrete", "variant": 0, "pos": [25, 17]}, "24;17": {"type": "concrete", "variant": 0, "pos": [24, 17]}, "23;17": {"type": "concrete", "variant": 0, "pos": [23, 17]}, "22;17": {"type": "concrete", "variant": 0, "pos": [22, 17]}, "21;17": {"type": "concrete", "variant": 0, "pos": [21, 17]}, "20;17": {"type": "concrete", "variant": 0, "pos": [20, 17]}, "19;17": {"type": "concrete", "variant": 0, "pos": [19, 17]}, "18;17": {"type": "concrete", "variant": 0, "pos": [18, 17]}, "17;17": {"type": "concrete", "variant": 0, "pos": [17, 17]}, "16;17": {"type": "concrete", "variant": 0, "pos": [16, 17]}, "15;17": {"type": "concrete", "variant": 0, "pos": [15, 17]}, "14;17": {"type": "concrete", "variant": 0, "pos": [14, 17]}, "13;17": {"type": "concrete", "variant": 0, "pos": [13, 17]}, "12;17": {"type": "concrete", "variant": 0, "pos": [12, 17]}, "11;17": {"type": "concrete", "variant": 0, "pos": [11, 17]}, "10;17": {"type": "concrete", "variant": 0, "pos": [10, 17]}, "9;17": {"type": "concrete", "variant": 0, "pos": [9, 17]}, "8;17": {"type": "concrete", "variant": 0, "pos": [8, 17]}, "7;17": {"type": "concrete", "variant": 0, "pos": [7, 17]}, "6;17": {"type": "concrete", "variant": 0, "pos": [6, 17]}, "5;17": {"type": "concrete", "variant": 0, "pos": [5, 17]}, "4;17": {"type": "concrete", "variant": 0, "pos": [4, 17]}, "3;17": {"type": "concrete", "variant": 0, "pos": [3, 17]}, "2;17": {"type": "concrete", "variant": 0, "pos": [2, 17]}, "1;17": {"type": "concrete", "variant": 0, "pos": [1, 17]}, "0;17": {"type": "concrete", "variant": 0, "pos": [0, 17]}, "-1;17": {"type": "concrete", "variant": 0, "pos": [-1, 17]}, "-2;17": {"type": "concrete", "variant": 0, "pos": [-2, 17]}, "-3;17": {"type": "concrete", "variant": 0, "pos": [-3, 17]}, "-4;17": {"type": "concrete", "variant": 0, "pos": [-4, 17]}, "-5;17": {"type": "concrete", "variant": 0, "pos": [-5, 17]}, "26;7": {"type": "concrete", "variant": 0, "pos": [26, 7]}, "27;7": {"type": "concrete", "variant": 0, "pos": [27, 7]}, "28;7": {"type": "concrete", "variant": 0, "pos": [28, 7]}, "29;7": {"type": "concrete", "variant": 0, "pos": [29, 7]}, "29;8": {"type": "concrete", "variant": 0, "pos": [29, 8]}, "29;9": {"type": "concrete", "variant": 0, "pos": [29, 9]}, "28;8": {"type": "concrete", "variant": 0, "pos": [28, 8]}, "27;8": {"type": "concrete", "variant": 0, "pos": [27, 8]}, "26;8": {"type": "concrete", "variant": 0, "pos": [26, 8]}, "26;9": {"type": "concrete", "variant": 0, "pos": [26, 9]}, "27;9": {"type": "concrete", "variant": 0, "pos": [27, 9]}, "27;10": {"type": "concrete", "variant": 0, "pos": [27, 10]}, "28;9": {"type": "concrete", "variant": 0, "pos": [28, 9]}, "29;10": {"type": "concrete", "variant": 0, "pos": [29, 10]}, "28;10": {"type": "concrete", "variant": 0, "pos": [28, 10]}, "26;10": {"type": "concrete", "variant": 0, "pos": [26, 10]}, "25;7": {"type": "buildings", "variant": 2, "pos": [25, 7]}, "42;7": {"type": "concrete", "variant": 0, "pos": [42, 7]}, "43;7": {"type": "concrete", "variant": 0, "pos": [43, 7]}, "44;7": {"type": "concrete", "variant": 0, "pos": [44, 7]}, "45;8": {"type": "concrete", "variant": 0, "pos": [45, 8]}, "45;9": {"type": "concrete", "variant": 0, "pos": [45, 9]}, "45;10": {"type": "concrete", "variant": 0, "pos": [45, 10]}, "44;10": {"type": "concrete", "variant": 0, "pos": [44, 10]}, "43;10": {"type": "concrete", "variant": 0, "pos": [43, 10]}, "42;10": {"type": "concrete", "variant": 0, "pos": [42, 10]}, "42;9": {"type": "concrete", "variant": 0, "pos": [42, 9]}, "42;8": {"type": "concrete", "variant": 0, "pos": [42, 8]}, "43;8": {"type": "concrete", "variant": 0, "pos": [43, 8]}, "44;8": {"type": "concrete", "variant": 0, "pos": [44, 8]}, "44;9": {"type": "concrete", "variant": 0, "pos": [44, 9]}, "43;9": {"type": "concrete", "variant": 0, "pos": [43, 9]}, "47;8": {"type": "concrete", "variant": 0, "pos": [47, 8]}, "48;8": {"type": "concrete", "variant": 0, "pos": [48, 8]}, "48;9": {"type": "concrete", "variant": 0, "pos": [48, 9]}, "48;10": {"type": "concrete", "variant": 0, "pos": [48, 10]}, "47;10": {"type": "concrete", "variant": 0, "pos": [47, 10]}, "47;9": {"type": "concrete", "variant": 0, "pos": [47, 9]}, "49;5": {"type": "spawners", "variant": 1, "pos": [49, 5]}, "42;5": {"type": "spawners", "variant": 1, "pos": [42, 5]}, "38;3": {"type": "spawners", "variant": 1, "pos": [38, 3]}, "54;3": {"type": "spawners", "variant": 1, "pos": [54, 3]}, "30;3": {"type": "spawners", "variant": 1, "pos": [30, 3]}, "65;12": {"type": "concrete", "variant": 0, "pos": [65, 12]}, "66;12": {"type": "concrete", "variant": 0, "pos": [66, 12]}, "67;12": {"type": "concrete", "variant": 0, "pos": [67, 12]}, "68;12": {"type": "concrete", "variant": 0, "pos": [68, 12]}, "69;12": {"type": "concrete", "variant": 0, "pos": [69, 12]}, "70;12": {"type": "concrete", "variant": 0, "pos": [70, 12]}, "71;12": {"type": "concrete", "variant": 0, "pos": [71, 12]}, "72;12": {"type": "concrete", "variant": 0, "pos": [72, 12]}, "73;12": {"type": "concrete", "variant": 0, "pos": [73, 12]}, "74;12": {"type": "concrete", "variant": 0, "pos": [74, 12]}, "75;12": {"type": "concrete", "variant": 0, "pos": [75, 12]}, "77;12": {"type": "concrete", "variant": 0, "pos": [77, 12]}, "77;13": {"type": "concrete", "variant": 0, "pos": [77, 13]}, "76;12": {"type": "concrete", "variant": 0, "pos": [76, 12]}, "75;13": {"type": "concrete", "variant": 0, "pos": [75, 13]}, "74;13": {"type": "concrete", "variant": 0, "pos": [74, 13]}, "73;13": {"type": "concrete", "variant": 0, "pos": [73, 13]}, "72;14": {"type": "concrete", "variant": 0, "pos": [72, 14]}, "71;14": {"type": "concrete", "variant": 0, "pos": [71, 14]}, "70;14": {"type": "concrete", "variant": 0, "pos": [70, 14]}, "69;14": {"type": "concrete", "variant": 0, "pos": [69, 14]}, "68;14": {"type": "concrete", "variant": 0, "pos": [68, 14]}, "67;14": {"type": "concrete", "variant": 0, "pos": [67, 14]}, "66;14": {"type": "concrete", "variant": 0, "pos": [66, 14]}, "65;14": {"type": "concrete", "variant": 0, "pos": [65, 14]}, "65;13": {"type": "concrete", "variant": 0, "pos": [65, 13]}, "66;13": {"type": "concrete", "variant": 0, "pos": [66, 13]}, "67;13": {"type": "concrete", "variant": 0, "pos": [67, 13]}, "68;13": {"type": "concrete", "variant": 0, "pos": [68, 13]}, "69;13": {"type": "concrete", "variant": 0, "pos": [69, 13]}, "70;13": {"type": "concrete", "variant": 0, "pos": [70, 13]}, "71;13": {"type": "concrete", "variant": 0, "pos": [71, 13]}, "72;13": {"type": "concrete", "variant": 0, "pos": [72, 13]}, "76;13": {"type": "concrete", "variant": 0, "pos": [76, 13]}, "76;14": {"type": "concrete", "variant": 0, "pos": [76, 14]}, "77;14": {"type": "concrete", "variant": 0, "pos": [77, 14]}, "75;14": {"type": "concrete", "variant": 0, "pos": [75, 14]}, "74;14": {"type": "concrete", "variant": 0, "pos": [74, 14]}, "73;14": {"type": "concrete", "variant": 0, "pos": [73, 14]}, "65;15": {"type": "concrete", "variant": 0, "pos": [65, 15]}, "66;15": {"type": "concrete", "variant": 0, "pos": [66, 15]}, "67;15": {"type": "concrete", "variant": 0, "pos": [67, 15]}, "68;15": {"type": "concrete", "variant": 0, "pos": [68, 15]}, "70;15": {"type": "concrete", "variant": 0, "pos": [70, 15]}, "71;15": {"type": "concrete", "variant": 0, "pos": [71, 15]}, "72;15": {"type": "concrete", "variant": 0, "pos": [72, 15]}, "73;15": {"type": "concrete", "variant": 0, "pos": [73, 15]}, "74;15": {"type": "concrete", "variant": 0, "pos": [74, 15]}, "75;15": {"type": "concrete", "variant": 0, "pos": [75, 15]}, "76;15": {"type": "concrete", "variant": 0, "pos": [76, 15]}, "77;15": {"type": "concrete", "variant": 0, "pos": [77, 15]}, "69;15": {"type": "concrete", "variant": 0, "pos": [69, 15]}, "66;16": {"type": "concrete", "variant": 0, "pos": [66, 16]}, "65;16": {"type": "concrete", "variant": 0, "pos": [65, 16]}, "67;16": {"type": "concrete", "variant": 0, "pos": [67, 16]}, "68;16": {"type": "concrete", "variant": 0, "pos": [68, 16]}, "69;16": {"type": "concrete", "variant": 0, "pos": [69, 16]}, "70;16": {"type": "concrete", "variant": 0, "pos": [70, 16]}, "71;16": {"type": "concrete", "variant": 0, "pos": [71, 16]}, "72;16": {"type": "concrete", "variant": 0, "pos": [72, 16]}, "73;16": {"type": "concrete", "variant": 0, "pos": [73, 16]}, "77;16": {"type": "concrete", "variant": 0, "pos": [77, 16]}, "76;16": {"type": "concrete", "variant": 0, "pos": [76, 16]}, "75;16": {"type": "concrete", "variant": 0, "pos": [75, 16]}, "74;16": {"type": "concrete", "variant": 0, "pos": [74, 16]}, "65;17": {"type": "concrete", "variant": 0, "pos": [65, 17]}, "66;17": {"type": "concrete", "variant": 0, "pos": [66, 17]}, "67;17": {"type": "concrete", "variant": 0, "pos": [67, 17]}, "68;17": {"type": "concrete", "variant": 0, "pos": [68, 17]}, "69;17": {"type": "concrete", "variant": 0, "pos": [69, 17]}, "70;17": {"type": "concrete", "variant": 0, "pos": [70, 17]}, "71;17": {"type": "concrete", "variant": 0, "pos": [71, 17]}, "72;17": {"type": "concrete", "variant": 0, "pos": [72, 17]}, "73;17": {"type": "concrete", "variant": 0, "pos": [73, 17]}, "74;17": {"type": "concrete", "variant": 0, "pos": [74, 17]}, "75;17": {"type": "concrete", "variant": 0, "pos": [75, 17]}, "76;17": {"type": "concrete", "variant": 0, "pos": [76, 17]}, "77;17": {"type": "concrete", "variant": 0, "pos": [77, 17]}, "78;17": {"type": "concrete", "variant": 0, "pos": [78, 17]}, "78;16": {"type": "concrete", "variant": 0, "pos": [78, 16]}, "78;15": {"type": "concrete", "variant": 0, "pos": [78, 15]}, "78;14": {"type": "concrete", "variant": 0, "pos": [78, 14]}, "78;13": {"type": "concrete", "variant": 0, "pos": [78, 13]}, "78;12": {"type": "concrete", "variant": 0, "pos": [78, 12]}, "78;11": {"type": "concrete", "variant": 0, "pos": [78, 11]}, "78;10": {"type": "concrete", "variant": 0, "pos": [78, 10]}, "78;9": {"type": "concrete", "variant": 0, "pos": [78, 9]}, "78;8": {"type": "concrete", "variant": 0, "pos": [78, 8]}, "78;7": {"type": "concrete", "variant": 0, "pos": [78, 7]}, "78;6": {"type": "concrete", "variant": 0, "pos": [78, 6]}, "78;5": {"type": "concrete", "variant": 0, "pos": [78, 5]}, "78;4": {"type": "concrete", "variant": 0, "pos": [78, 4]}, "78;3": {"type": "concrete", "variant": 0, "pos": [78, 3]}, "78;2": {"type": "concrete", "variant": 0, "pos": [78, 2]}, "78;1": {"type": "concrete", "variant": 0, "pos": [78, 1]}, "78;0": {"type": "concrete", "variant": 0, "pos": [78, 0]}, "79;0": {"type": "concrete", "variant": 0, "pos": [79, 0]}, "80;0": {"type": "concrete", "variant": 0, "pos": [80, 0]}, "80;1": {"type": "concrete", "variant": 0, "pos": [80, 1]}, "80;2": {"type": "concrete", "variant": 0, "pos": [80, 2]}, "79;2": {"type": "concrete", "variant": 0, "pos": [79, 2]}, "79;3": {"type": "concrete", "variant": 0, "pos": [79, 3]}, "79;4": {"type": "concrete", "variant": 0, "pos": [79, 4]}, "79;5": {"type": "concrete", "variant": 0, "pos": [79, 5]}, "79;6": {"type": "concrete", "variant": 0, "pos": [79, 6]}, "79;1": {"type": "concrete", "variant": 0, "pos": [79, 1]}, "79;13": {"type": "concrete", "variant": 0, "pos": [79, 13]}, "79;12": {"type": "concrete", "variant": 0, "pos": [79, 12]}, "79;11": {"type": "concrete", "variant": 0, "pos": [79, 11]}, "79;10": {"type": "concrete", "variant": 0, "pos": [79, 10]}, "79;9": {"type": "concrete", "variant": 0, "pos": [79, 9]}, "79;8": {"type": "concrete", "variant": 0, "pos": [79, 8]}, "79;7": {"type": "concrete", "variant": 0, "pos": [79, 7]}, "79;14": {"type": "concrete", "variant": 0, "pos": [79, 14]}, "79;15": {"type": "concrete", "variant": 0, "pos": [79, 15]}, "79;16": {"type": "concrete", "variant": 0, "pos": [79, 16]}, "80;3": {"type": "concrete", "variant": 0, "pos": [80, 3]}, "80;4": {"type": "concrete", "variant": 0, "pos": [80, 4]}, "80;5": {"type": "concrete", "variant": 0, "pos": [80, 5]}, "80;6": {"type": "concrete", "variant": 0, "pos": [80, 6]}, "80;7": {"type": "concrete", "variant": 0, "pos": [80, 7]}, "80;8": {"type": "concrete", "variant": 0, "pos": [80, 8]}, "80;9": {"type": "concrete", "variant": 0, "pos": [80, 9]}, "80;10": {"type": "concrete", "variant": 0, "pos": [80, 10]}, "80;11": {"type": "concrete", "variant": 0, "pos": [80, 11]}, "80;12": {"type": "concrete", "variant": 0, "pos": [80, 12]}, "80;13": {"type": "concrete", "variant": 0, "pos": [80, 13]}, "80;14": {"type": "concrete", "variant": 0, "pos": [80, 14]}, "80;15": {"type": "concrete", "variant": 0, "pos": [80, 15]}, "80;16": {"type": "concrete", "variant": 0, "pos": [80, 16]}, "80;17": {"type": "concrete", "variant": 0, "pos": [80, 17]}, "79;17": {"type": "concrete", "variant": 0, "pos": [79, 17]}, "81;16": {"type": "concrete", "variant": 0, "pos": [81, 16]}, "81;17": {"type": "concrete", "variant": 0, "pos": [81, 17]}, "81;15": {"type": "concrete", "variant": 0, "pos": [81, 15]}, "81;14": {"type": "concrete", "variant": 0, "pos": [81, 14]}, "81;13": {"type": "concrete", "variant": 0, "pos": [81, 13]}, "81;12": {"type": "concrete", "variant": 0, "pos": [81, 12]}, "81;11": {"type": "concrete", "variant": 0, "pos": [81, 11]}, "81;10": {"type": "concrete", "variant": 0, "pos": [81, 10]}, "81;9": {"type": "concrete", "variant": 0, "pos": [81, 9]}, "81;8": {"type": "concrete", "variant": 0, "pos": [81, 8]}, "81;7": {"type": "concrete", "variant": 0, "pos": [81, 7]}, "81;6": {"type": "concrete", "variant": 0, "pos": [81, 6]}, "81;5": {"type": "concrete", "variant": 0, "pos": [81, 5]}, "81;4": {"type": "concrete", "variant": 0, "pos": [81, 4]}, "81;3": {"type": "concrete", "variant": 0, "pos": [81, 3]}, "81;2": {"type": "concrete", "variant": 0, "pos": [81, 2]}, "81;1": {"type": "concrete", "variant": 0, "pos": [81, 1]}, "81;0": {"type": "concrete", "variant": 0, "pos": [81, 0]}, "82;1": {"type": "concrete", "variant": 0, "pos": [82, 1]}, "82;0": {"type": "concrete", "variant": 0, "pos": [82, 0]}, "82;2": {"type": "concrete", "variant": 0, "pos": [82, 2]}, "82;3": {"type": "concrete", "variant": 0, "pos": [82, 3]}, "82;4": {"type": "concrete", "variant": 0, "pos": [82, 4]}, "82;5": {"type": "concrete", "variant": 0, "pos": [82, 5]}, "82;6": {"type": "concrete", "variant": 0, "pos": [82, 6]}, "82;7": {"type": "concrete", "variant": 0, "pos": [82, 7]}, "82;8": {"type": "concrete", "variant": 0, "pos": [82, 8]}, "82;9": {"type": "concrete", "variant": 0, "pos": [82, 9]}, "82;10": {"type": "concrete", "variant": 0, "pos": [82, 10]}, "82;11": {"type": "concrete", "variant": 0, "pos": [82, 11]}, "82;12": {"type": "concrete", "variant": 0, "pos": [82, 12]}, "82;13": {"type": "concrete", "variant": 0, "pos": [82, 13]}, "82;14": {"type": "concrete", "variant": 0, "pos": [82, 14]}, "82;15": {"type": "concrete", "variant": 0, "pos": [82, 15]}, "82;16": {"type": "concrete", "variant": 0, "pos": [82, 16]}, "82;17": {"type": "concrete", "variant": 0, "pos": [82, 17]}, "83;16": {"type": "concrete", "variant": 0, "pos": [83, 16]}, "83;15": {"type": "concrete", "variant": 0, "pos": [83, 15]}, "83;14": {"type": "concrete", "variant": 0, "pos": [83, 14]}, "83;13": {"type": "concrete", "variant": 0, "pos": [83, 13]}, "83;17": {"type": "concrete", "variant": 0, "pos": [83, 17]}, "83;12": {"type": "concrete", "variant": 0, "pos": [83, 12]}, "83;11": {"type": "concrete", "variant": 0, "pos": [83, 11]}, "83;10": {"type": "concrete", "variant": 0, "pos": [83, 10]}, "83;9": {"type": "concrete", "variant": 0, "pos": [83, 9]}, "83;8": {"type": "concrete", "variant": 0, "pos": [83, 8]}, "83;7": {"type": "concrete", "variant": 0, "pos": [83, 7]}, "83;6": {"type": "concrete", "variant": 0, "pos": [83, 6]}, "83;5": {"type": "concrete", "variant": 0, "pos": [83, 5]}, "83;4": {"type": "concrete", "variant": 0, "pos": [83, 4]}, "83;3": {"type": "concrete", "variant": 0, "pos": [83, 3]}, "83;2": {"type": "concrete", "variant": 0, "pos": [83, 2]}, "83;1": {"type": "concrete", "variant": 0, "pos": [83, 1]}, "83;0": {"type": "concrete", "variant": 0, "pos": [83, 0]}, "84;0": {"type": "concrete", "variant": 0, "pos": [84, 0]}, "84;1": {"type": "concrete", "variant": 0, "pos": [84, 1]}, "84;2": {"type": "concrete", "variant": 0, "pos": [84, 2]}, "84;3": {"type": "concrete", "variant": 0, "pos": [84, 3]}, "84;4": {"type": "concrete", "variant": 0, "pos": [84, 4]}, "84;5": {"type": "concrete", "variant": 0, "pos": [84, 5]}, "84;6": {"type": "concrete", "variant": 0, "pos": [84, 6]}, "84;7": {"type": "concrete", "variant": 0, "pos": [84, 7]}, "84;8": {"type": "concrete", "variant": 0, "pos": [84, 8]}, "84;9": {"type": "concrete", "variant": 0, "pos": [84, 9]}, "84;10": {"type": "concrete", "variant": 0, "pos": [84, 10]}, "84;11": {"type": "concrete", "variant": 0, "pos": [84, 11]}, "84;12": {"type": "concrete", "variant": 0, "pos": [84, 12]}, "84;13": {"type": "concrete", "variant": 0, "pos": [84, 13]}, "84;14": {"type": "concrete", "variant": 0, "pos": [84, 14]}, "84;15": {"type": "concrete", "variant": 0, "pos": [84, 15]}, "84;16": {"type": "concrete", "variant": 0, "pos": [84, 16]}, "84;17": {"type": "concrete", "variant": 0, "pos": [84, 17]}, "85;17": {"type": "concrete", "variant": 0, "pos": [85, 17]}, "85;16": {"type": "concrete", "variant": 0, "pos": [85, 16]}, "85;15": {"type": "concrete", "variant": 0, "pos": [85, 15]}, "85;14": {"type": "concrete", "variant": 0, "pos": [85, 14]}, "85;13": {"type": "concrete", "variant": 0, "pos": [85, 13]}, "85;12": {"type": "concrete", "variant": 0, "pos": [85, 12]}, "85;11": {"type": "concrete", "variant": 0, "pos": [85, 11]}, "85;10": {"type": "concrete", "variant": 0, "pos": [85, 10]}, "85;9": {"type": "concrete", "variant": 0, "pos": [85, 9]}, "85;8": {"type": "concrete", "variant": 0, "pos": [85, 8]}, "85;7": {"type": "concrete", "variant": 0, "pos": [85, 7]}, "85;6": {"type": "concrete", "variant": 0, "pos": [85, 6]}, "85;5": {"type": "concrete", "variant": 0, "pos": [85, 5]}, "85;4": {"type": "concrete", "variant": 0, "pos": [85, 4]}, "85;3": {"type": "concrete", "variant": 0, "pos": [85, 3]}, "85;2": {"type": "concrete", "variant": 0, "pos": [85, 2]}, "85;1": {"type": "concrete", "variant": 0, "pos": [85, 1]}, "86;1": {"type": "concrete", "variant": 0, "pos": [86, 1]}, "86;0": {"type": "concrete", "variant": 0, "pos": [86, 0]}, "85;0": {"type": "concrete", "variant": 0, "pos": [85, 0]}, "86;2": {"type": "concrete", "variant": 0, "pos": [86, 2]}, "86;3": {"type": "concrete", "variant": 0, "pos": [86, 3]}, "86;4": {"type": "concrete", "variant": 0, "pos": [86, 4]}, "86;5": {"type": "concrete", "variant": 0, "pos": [86, 5]}, "86;6": {"type": "concrete", "variant": 0, "pos": [86, 6]}, "86;7": {"type": "concrete", "variant": 0, "pos": [86, 7]}, "86;8": {"type": "concrete", "variant": 0, "pos": [86, 8]}, "86;9": {"type": "concrete", "variant": 0, "pos": [86, 9]}, "86;10": {"type": "concrete", "variant": 0, "pos": [86, 10]}, "86;11": {"type": "concrete", "variant": 0, "pos": [86, 11]}, "86;12": {"type": "concrete", "variant": 0, "pos": [86, 12]}, "86;13": {"type": "concrete", "variant": 0, "pos": [86, 13]}, "86;14": {"type": "concrete", "variant": 0, "pos": [86, 14]}, "86;15": {"type": "concrete", "variant": 0, "pos": [86, 15]}, "86;16": {"type": "concrete", "variant": 0, "pos": [86, 16]}, "86;17": {"type": "concrete", "variant": 0, "pos": [86, 17]}, "87;17": {"type": "concrete", "variant": 0, "pos": [87, 17]}, "87;16": {"type": "concrete", "variant": 0, "pos": [87, 16]}, "87;15": {"type": "concrete", "variant": 0, "pos": [87, 15]}, "87;14": {"type": "concrete", "variant": 0, "pos": [87, 14]}, "87;13": {"type": "concrete", "variant": 0, "pos": [87, 13]}, "87;12": {"type": "concrete", "variant": 0, "pos": [87, 12]}, "87;11": {"type": "concrete", "variant": 0, "pos": [87, 11]}, "87;10": {"type": "concrete", "variant": 0, "pos": [87, 10]}, "87;9": {"type": "concrete", "variant": 0, "pos": [87, 9]}, "87;8": {"type": "concrete", "variant": 0, "pos": [87, 8]}, "87;7": {"type": "concrete", "variant": 0, "pos": [87, 7]}, "87;6": {"type": "concrete", "variant": 0, "pos": [87, 6]}, "87;5": {"type": "concrete", "variant": 0, "pos": [87, 5]}, "87;4": {"type": "concrete", "variant": 0, "pos": [87, 4]}, "87;3": {"type": "concrete", "variant": 0, "pos": [87, 3]}, "87;2": {"type": "concrete", "variant": 0, "pos": [87, 2]}, "87;1": {"type": "concrete", "variant": 0, "pos": [87, 1]}, "87;0": {"type": "concrete", "variant": 0, "pos": [87, 0]}, "17;10": {"type": "concrete", "variant": 0, "pos": [17, 10]}, "16;10": {"type": "concrete", "variant": 0, "pos": [16, 10]}, "17;9": {"type": "concrete", "variant": 0, "pos": [17, 9]}, "15;10": {"type": "concrete", "variant": 0, "pos": [15, 10]}, "16;9": {"type": "concrete", "variant": 0, "pos": [16, 9]}, "17;8": {"type": "concrete", "variant": 0, "pos": [17, 8]}, "17;7": {"type": "concrete", "variant": 0, "pos": [17, 7]}, "16;7": {"type": "concrete", "variant": 0, "pos": [16, 7]}, "15;7": {"type": "concrete", "variant": 0, "pos": [15, 7]}, "14;7": {"type": "concrete", "variant": 0, "pos": [14, 7]}, "14;8": {"type": "concrete", "variant": 0, "pos": [14, 8]}, "14;9": {"type": "concrete", "variant": 0, "pos": [14, 9]}, "14;10": {"type": "concrete", "variant": 0, "pos": [14, 10]}, "15;9": {"type": "concrete", "variant": 0, "pos": [15, 9]}, "15;8": {"type": "concrete", "variant": 0, "pos": [15, 8]}, "16;8": {"type": "concrete", "variant": 0, "pos": [16, 8]}, "13;7": {"type": "buildings", "variant": 2, "pos": [13, 7]}, "58;8": {"type": "concrete", "variant": 0, "pos": [58, 8]}, "58;7": {"type": "concrete", "variant": 0, "pos": [58, 7]}, "59;7": {"type": "concrete", "variant": 0, "pos": [59, 7]}, "60;7": {"type": "concrete", "variant": 0, "pos": [60, 7]}, "61;7": {"type": "concrete", "variant": 0, "pos": [61, 7]}, "61;8": {"type": "concrete", "variant": 0, "pos": [61, 8]}, "61;9": {"type": "concrete", "variant": 0, "pos": [61, 9]}, "61;10": {"type": "concrete", "variant": 0, "pos": [61, 10]}, "60;8": {"type": "concrete", "variant": 0, "pos": [60, 8]}, "59;8": {"type": "concrete", "variant": 0, "pos": [59, 8]}, "59;9": {"type": "concrete", "variant": 0, "pos": [59, 9]}, "60;9": {"type": "concrete", "variant": 0, "pos": [60, 9]}, "60;10": {"type": "concrete", "variant": 0, "pos": [60, 10]}, "58;10": {"type": "concrete", "variant": 0, "pos": [58, 10]}, "58;9": {"type": "concrete", "variant": 0, "pos": [58, 9]}, "59;10": {"type": "concrete", "variant": 0, "pos": [59, 10]}, "57;7": {"type": "buildings", "variant": 2, "pos": [57, 7]}, "45;7": {"type": "buildings", "variant": 2, "pos": [45, 7]}, "41;6": {"type": "concrete", "variant": 0, "pos": [41, 6]}, "37;3": {"type": "buildings", "variant": 3, "pos": [37, 3]}, "41;7": {"type": "buildings", "variant": 2, "pos": [41, 7]}, "58;6": {"type": "concrete", "variant": 0, "pos": [58, 6]}, "58;5": {"type": "concrete", "variant": 0, "pos": [58, 5]}, "58;4": {"type": "concrete", "variant": 0, "pos": [58, 4]}, "58;3": {"type": "concrete", "variant": 0, "pos": [58, 3]}, "58;2": {"type": "concrete", "variant": 0, "pos": [58, 2]}, "58;1": {"type": "concrete", "variant": 0, "pos": [58, 1]}, "58;0": {"type": "concrete", "variant": 0, "pos": [58, 0]}, "58;-1": {"type": "concrete", "variant": 0, "pos": [58, -1]}, "58;-2": {"type": "concrete", "variant": 0, "pos": [58, -2]}, "58;-3": {"type": "concrete", "variant": 0, "pos": [58, -3]}, "58;-4": {"type": "concrete", "variant": 0, "pos": [58, -4]}, "59;6": {"type": "concrete", "variant": 0, "pos": [59, 6]}, "59;5": {"type": "concrete", "variant": 0, "pos": [59, 5]}, "59;4": {"type": "concrete", "variant": 0, "pos": [59, 4]}, "59;3": {"type": "concrete", "variant": 0, "pos": [59, 3]}, "59;2": {"type": "concrete", "variant": 0, "pos": [59, 2]}, "59;1": {"type": "concrete", "variant": 0, "pos": [59, 1]}, "59;0": {"type": "concrete", "variant": 0, "pos": [59, 0]}, "59;-1": {"type": "concrete", "variant": 0, "pos": [59, -1]}, "59;-2": {"type": "concrete", "variant": 0, "pos": [59, -2]}, "59;-3": {"type": "concrete", "variant": 0, "pos": [59, -3]}, "59;-4": {"type": "concrete", "variant": 0, "pos": [59, -4]}, "60;-4": {"type": "concrete", "variant": 0, "pos": [60, -4]}, "60;-3": {"type": "concrete", "variant": 0, "pos": [60, -3]}, "60;-2": {"type": "concrete", "variant": 0, "pos": [60, -2]}, "60;-1": {"type": "concrete", "variant": 0, "pos": [60, -1]}, "60;0": {"type": "concrete", "variant": 0, "pos": [60, 0]}, "60;1": {"type": "concrete", "variant": 0, "pos": [60, 1]}, "60;2": {"type": "concrete", "variant": 0, "pos": [60, 2]}, "60;3": {"type": "concrete", "variant": 0, "pos": [60, 3]}, "60;6": {"type": "concrete", "variant": 0, "pos": [60, 6]}, "60;5": {"type": "concrete", "variant": 0, "pos": [60, 5]}, "60;4": {"type": "concrete", "variant": 0, "pos": [60, 4]}, "61;6": {"type": "concrete", "variant": 0, "pos": [61, 6]}, "61;5": {"type": "concrete", "variant": 0, "pos": [61, 5]}, "61;4": {"type": "concrete", "variant": 0, "pos": [61, 4]}, "61;3": {"type": "concrete", "variant": 0, "pos": [61, 3]}, "61;2": {"type": "concrete", "variant": 0, "pos": [61, 2]}, "61;1": {"type": "concrete", "variant": 0, "pos": [61, 1]}, "61;0": {"type": "concrete", "variant": 0, "pos": [61, 0]}, "61;-1": {"type": "concrete", "variant": 0, "pos": [61, -1]}, "61;-2": {"type": "concrete", "variant": 0, "pos": [61, -2]}, "61;-3": {"type": "concrete", "variant": 0, "pos": [61, -3]}, "61;-4": {"type": "concrete", "variant": 0, "pos": [61, -4]}, "57;-1": {"type": "buildings", "variant": 3, "pos": [57, -1]}, "58;-5": {"type": "concrete", "variant": 0, "pos": [58, -5]}, "59;-5": {"type": "concrete", "variant": 0, "pos": [59, -5]}, "60;-5": {"type": "concrete", "variant": 0, "pos": [60, -5]}, "61;-5": {"type": "concrete", "variant": 0, "pos": [61, -5]}, "57;-7": {"type": "buildings", "variant": 3, "pos": [57, -7]}, "51;-5": {"type": "concrete", "variant": 0, "pos": [51, -5]}, "52;-5": {"type": "concrete", "variant": 0, "pos": [52, -5]}, "53;-5": {"type": "concrete", "variant": 0, "pos": [53, -5]}, "54;-5": {"type": "concrete", "variant": 0, "pos": [54, -5]}, "54;-4": {"type": "concrete", "variant": 0, "pos": [54, -4]}, "54;-3": {"type": "concrete", "variant": 0, "pos": [54, -3]}, "54;-2": {"type": "concrete", "variant": 0, "pos": [54, -2]}, "53;-4": {"type": "concrete", "variant": 0, "pos": [53, -4]}, "52;-4": {"type": "concrete", "variant": 0, "pos": [52, -4]}, "51;-4": {"type": "concrete", "variant": 0, "pos": [51, -4]}, "51;-3": {"type": "concrete", "variant": 0, "pos": [51, -3]}, "51;-2": {"type": "concrete", "variant": 0, "pos": [51, -2]}, "51;-1": {"type": "concrete", "variant": 0, "pos": [51, -1]}, "52;-1": {"type": "concrete", "variant": 0, "pos": [52, -1]}, "52;0": {"type": "concrete", "variant": 0, "pos": [52, 0]}, "53;-1": {"type": "concrete", "variant": 0, "pos": [53, -1]}, "53;-2": {"type": "concrete", "variant": 0, "pos": [53, -2]}, "53;-3": {"type": "concrete", "variant": 0, "pos": [53, -3]}, "52;-3": {"type": "concrete", "variant": 0, "pos": [52, -3]}, "52;-2": {"type": "concrete", "variant": 0, "pos": [52, -2]}, "54;-1": {"type": "concrete", "variant": 0, "pos": [54, -1]}, "54;0": {"type": "concrete", "variant": 0, "pos": [54, 0]}, "53;0": {"type": "concrete", "variant": 0, "pos": [53, 0]}, "51;0": {"type": "concrete", "variant": 0, "pos": [51, 0]}, "50;-7": {"type": "buildings", "variant": 3, "pos": [50, -7]}, "58;-6": {"type": "concrete", "variant": 0, "pos": [58, -6]}, "58;-7": {"type": "concrete", "variant": 0, "pos": [58, -7]}, "58;-8": {"type": "concrete", "variant": 0, "pos": [58, -8]}, "58;-9": {"type": "concrete", "variant": 0, "pos": [58, -9]}, "58;-10": {"type": "concrete", "variant": 0, "pos": [58, -10]}, "58;-11": {"type": "concrete", "variant": 0, "pos": [58, -11]}, "58;-12": {"type": "concrete", "variant": 0, "pos": [58, -12]}, "59;-12": {"type": "concrete", "variant": 0, "pos": [59, -12]}, "59;-11": {"type": "concrete", "variant": 0, "pos": [59, -11]}, "59;-10": {"type": "concrete", "variant": 0, "pos": [59, -10]}, "59;-9": {"type": "concrete", "variant": 0, "pos": [59, -9]}, "59;-8": {"type": "concrete", "variant": 0, "pos": [59, -8]}, "59;-7": {"type": "concrete", "variant": 0, "pos": [59, -7]}, "59;-6": {"type": "concrete", "variant": 0, "pos": [59, -6]}, "60;-6": {"type": "concrete", "variant": 0, "pos": [60, -6]}, "61;-6": {"type": "concrete", "variant": 0, "pos": [61, -6]}, "61;-7": {"type": "concrete", "variant": 0, "pos": [61, -7]}, "61;-8": {"type": "concrete", "variant": 0, "pos": [61, -8]}, "61;-9": {"type": "concrete", "variant": 0, "pos": [61, -9]}, "61;-10": {"type": "concrete", "variant": 0, "pos": [61, -10]}, "61;-11": {"type": "concrete", "variant": 0, "pos": [61, -11]}, "60;-11": {"type": "concrete", "variant": 0, "pos": [60, -11]}, "60;-10": {"type": "concrete", "variant": 0, "pos": [60, -10]}, "60;-9": {"type": "concrete", "variant": 0, "pos": [60, -9]}, "60;-8": {"type": "concrete", "variant": 0, "pos": [60, -8]}, "60;-7": {"type": "concrete", "variant": 0, "pos": [60, -7]}, "60;-12": {"type": "concrete", "variant": 0, "pos": [60, -12]}, "61;-12": {"type": "concrete", "variant": 0, "pos": [61, -12]}, "53;-7": {"type": "spawners", "variant": 1, "pos": [53, -7]}, "58;-13": {"type": "concrete", "variant": 0, "pos": [58, -13]}, "59;-13": {"type": "concrete", "variant": 0, "pos": [59, -13]}, "60;-13": {"type": "concrete", "variant": 0, "pos": [60, -13]}, "61;-13": {"type": "concrete", "variant": 0, "pos": [61, -13]}, "50;-5": {"type": "concrete", "variant": 0, "pos": [50, -5]}, "50;-4": {"type": "concrete", "variant": 0, "pos": [50, -4]}, "50;-3": {"type": "concrete", "variant": 0, "pos": [50, -3]}, "50;-2": {"type": "concrete", "variant": 0, "pos": [50, -2]}, "50;-1": {"type": "concrete", "variant": 0, "pos": [50, -1]}, "50;0": {"type": "concrete", "variant": 0, "pos": [50, 0]}, "49;0": {"type": "concrete", "variant": 0, "pos": [49, 0]}, "48;0": {"type": "concrete", "variant": 0, "pos": [48, 0]}, "47;0": {"type": "concrete", "variant": 0, "pos": [47, 0]}, "47;-1": {"type": "concrete", "variant": 0, "pos": [47, -1]}, "47;-2": {"type": "concrete", "variant": 0, "pos": [47, -2]}, "47;-3": {"type": "concrete", "variant": 0, "pos": [47, -3]}, "47;-4": {"type": "concrete", "variant": 0, "pos": [47, -4]}, "47;-5": {"type": "concrete", "variant": 0, "pos": [47, -5]}, "48;-5": {"type": "concrete", "variant": 0, "pos": [48, -5]}, "49;-5": {"type": "concrete", "variant": 0, "pos": [49, -5]}, "49;-4": {"type": "concrete", "variant": 0, "pos": [49, -4]}, "49;-3": {"type": "concrete", "variant": 0, "pos": [49, -3]}, "49;-2": {"type": "concrete", "variant": 0, "pos": [49, -2]}, "49;-1": {"type": "concrete", "variant": 0, "pos": [49, -1]}, "48;-1": {"type": "concrete", "variant": 0, "pos": [48, -1]}, "48;-2": {"type": "concrete", "variant": 0, "pos": [48, -2]}, "48;-3": {"type": "concrete", "variant": 0, "pos": [48, -3]}, "48;-4": {"type": "concrete", "variant": 0, "pos": [48, -4]}, "46;-7": {"type": "buildings", "variant": 3, "pos": [46, -7]}, "48;-7": {"type": "spawners", "variant": 1, "pos": [48, -7]}, "57;-9": {"type": "buildings", "variant": 2, "pos": [57, -9]}, "57;-13": {"type": "buildings", "variant": 2, "pos": [57, -13]}, "43;-7": {"type": "concrete", "variant": 0, "pos": [43, -7]}, "44;-7": {"type": "concrete", "variant": 0, "pos": [44, -7]}, "45;-7": {"type": "concrete", "variant": 0, "pos": [45, -7]}, "46;-6": {"type": "concrete", "variant": 0, "pos": [46, -6]}, "46;-5": {"type": "concrete", "variant": 0, "pos": [46, -5]}, "46;-4": {"type": "concrete", "variant": 0, "pos": [46, -4]}, "46;-3": {"type": "concrete", "variant": 0, "pos": [46, -3]}, "45;-3": {"type": "concrete", "variant": 0, "pos": [45, -3]}, "44;-3": {"type": "concrete", "variant": 0, "pos": [44, -3]}, "44;-4": {"type": "concrete", "variant": 0, "pos": [44, -4]}, "43;-4": {"type": "concrete", "variant": 0, "pos": [43, -4]}, "43;-5": {"type": "concrete", "variant": 0, "pos": [43, -5]}, "43;-6": {"type": "concrete", "variant": 0, "pos": [43, -6]}, "44;-6": {"type": "concrete", "variant": 0, "pos": [44, -6]}, "45;-6": {"type": "concrete", "variant": 0, "pos": [45, -6]}, "45;-5": {"type": "concrete", "variant": 0, "pos": [45, -5]}, "45;-4": {"type": "concrete", "variant": 0, "pos": [45, -4]}, "44;-5": {"type": "concrete", "variant": 0, "pos": [44, -5]}, "43;-3": {"type": "concrete", "variant": 0, "pos": [43, -3]}, "42;-10": {"type": "buildings", "variant": 1, "pos": [42, -10]}, "43;-9": {"type": "spawners", "variant": 1, "pos": [43, -9]}, "33;-33": {"type": "concrete", "variant": 0, "pos": [33, -33]}, "34;-33": {"type": "concrete", "variant": 0, "pos": [34, -33]}, "35;-33": {"type": "concrete", "variant": 0, "pos": [35, -33]}, "36;-33": {"type": "concrete", "variant": 0, "pos": [36, -33]}, "36;-32": {"type": "concrete", "variant": 0, "pos": [36, -32]}, "35;-32": {"type": "concrete", "variant": 0, "pos": [35, -32]}, "34;-32": {"type": "concrete", "variant": 0, "pos": [34, -32]}, "33;-32": {"type": "concrete", "variant": 0, "pos": [33, -32]}, "33;-31": {"type": "concrete", "variant": 0, "pos": [33, -31]}, "34;-31": {"type": "concrete", "variant": 0, "pos": [34, -31]}, "35;-31": {"type": "concrete", "variant": 0, "pos": [35, -31]}, "36;-31": {"type": "concrete", "variant": 0, "pos": [36, -31]}, "36;-30": {"type": "concrete", "variant": 0, "pos": [36, -30]}, "36;-29": {"type": "concrete", "variant": 0, "pos": [36, -29]}, "36;-28": {"type": "concrete", "variant": 0, "pos": [36, -28]}, "36;-27": {"type": "concrete", "variant": 0, "pos": [36, -27]}, "36;-26": {"type": "concrete", "variant": 0, "pos": [36, -26]}, "36;-25": {"type": "concrete", "variant": 0, "pos": [36, -25]}, "36;-24": {"type": "concrete", "variant": 0, "pos": [36, -24]}, "36;-23": {"type": "concrete", "variant": 0, "pos": [36, -23]}, "36;-22": {"type": "concrete", "variant": 0, "pos": [36, -22]}, "35;-30": {"type": "concrete", "variant": 0, "pos": [35, -30]}, "34;-30": {"type": "concrete", "variant": 0, "pos": [34, -30]}, "33;-30": {"type": "concrete", "variant": 0, "pos": [33, -30]}, "33;-29": {"type": "concrete", "variant": 0, "pos": [33, -29]}, "34;-29": {"type": "concrete", "variant": 0, "pos": [34, -29]}, "35;-29": {"type": "concrete", "variant": 0, "pos": [35, -29]}, "35;-28": {"type": "concrete", "variant": 0, "pos": [35, -28]}, "35;-27": {"type": "concrete", "variant": 0, "pos": [35, -27]}, "35;-26": {"type": "concrete", "variant": 0, "pos": [35, -26]}, "34;-28": {"type": "concrete", "variant": 0, "pos": [34, -28]}, "33;-28": {"type": "concrete", "variant": 0, "pos": [33, -28]}, "33;-27": {"type": "concrete", "variant": 0, "pos": [33, -27]}, "33;-26": {"type": "concrete", "variant": 0, "pos": [33, -26]}, "33;-25": {"type": "concrete", "variant": 0, "pos": [33, -25]}, "33;-24": {"type": "concrete", "variant": 0, "pos": [33, -24]}, "33;-23": {"type": "concrete", "variant": 0, "pos": [33, -23]}, "33;-22": {"type": "concrete", "variant": 0, "pos": [33, -22]}, "34;-22": {"type": "concrete", "variant": 0, "pos": [34, -22]}, "35;-22": {"type": "concrete", "variant": 0, "pos": [35, -22]}, "35;-23": {"type": "concrete", "variant": 0, "pos": [35, -23]}, "35;-24": {"type": "concrete", "variant": 0, "pos": [35, -24]}, "35;-25": {"type": "concrete", "variant": 0, "pos": [35, -25]}, "34;-26": {"type": "concrete", "variant": 0, "pos": [34, -26]}, "34;-27": {"type": "concrete", "variant": 0, "pos": [34, -27]}, "34;-25": {"type": "concrete", "variant": 0, "pos": [34, -25]}, "34;-23": {"type": "concrete", "variant": 0, "pos": [34, -23]}, "35;-21": {"type": "concrete", "variant": 0, "pos": [35, -21]}, "36;-21": {"type": "concrete", "variant": 0, "pos": [36, -21]}, "37;-21": {"type": "concrete", "variant": 0, "pos": [37, -21]}, "38;-21": {"type": "concrete", "variant": 0, "pos": [38, -21]}, "38;-20": {"type": "concrete", "variant": 0, "pos": [38, -20]}, "38;-18": {"type": "concrete", "variant": 0, "pos": [38, -18]}, "38;-17": {"type": "concrete", "variant": 0, "pos": [38, -17]}, "37;-17": {"type": "concrete", "variant": 0, "pos": [37, -17]}, "36;-17": {"type": "concrete", "variant": 0, "pos": [36, -17]}, "35;-17": {"type": "concrete", "variant": 0, "pos": [35, -17]}, "35;-18": {"type": "concrete", "variant": 0, "pos": [35, -18]}, "35;-19": {"type": "concrete", "variant": 0, "pos": [35, -19]}, "35;-20": {"type": "concrete", "variant": 0, "pos": [35, -20]}, "36;-20": {"type": "concrete", "variant": 0, "pos": [36, -20]}, "37;-20": {"type": "concrete", "variant": 0, "pos": [37, -20]}, "37;-18": {"type": "concrete", "variant": 0, "pos": [37, -18]}, "36;-18": {"type": "concrete", "variant": 0, "pos": [36, -18]}, "36;-19": {"type": "concrete", "variant": 0, "pos": [36, -19]}, "37;-19": {"type": "concrete", "variant": 0, "pos": [37, -19]}, "39;-16": {"type": "concrete", "variant": 0, "pos": [39, -16]}, "40;-16": {"type": "concrete", "variant": 0, "pos": [40, -16]}, "41;-16": {"type": "concrete", "variant": 0, "pos": [41, -16]}, "42;-16": {"type": "concrete", "variant": 0, "pos": [42, -16]}, "42;-15": {"type": "concrete", "variant": 0, "pos": [42, -15]}, "42;-14": {"type": "concrete", "variant": 0, "pos": [42, -14]}, "42;-13": {"type": "concrete", "variant": 0, "pos": [42, -13]}, "42;-12": {"type": "concrete", "variant": 0, "pos": [42, -12]}, "41;-12": {"type": "concrete", "variant": 0, "pos": [41, -12]}, "40;-12": {"type": "concrete", "variant": 0, "pos": [40, -12]}, "39;-12": {"type": "concrete", "variant": 0, "pos": [39, -12]}, "39;-13": {"type": "concrete", "variant": 0, "pos": [39, -13]}, "39;-14": {"type": "concrete", "variant": 0, "pos": [39, -14]}, "39;-15": {"type": "concrete", "variant": 0, "pos": [39, -15]}, "41;-15": {"type": "concrete", "variant": 0, "pos": [41, -15]}, "41;-14": {"type": "concrete", "variant": 0, "pos": [41, -14]}, "40;-14": {"type": "concrete", "variant": 0, "pos": [40, -14]}, "40;-13": {"type": "concrete", "variant": 0, "pos": [40, -13]}, "40;-15": {"type": "concrete", "variant": 0, "pos": [40, -15]}, "41;-13": {"type": "concrete", "variant": 0, "pos": [41, -13]}, "46;-16": {"type": "concrete", "variant": 0, "pos": [46, -16]}, "47;-16": {"type": "concrete", "variant": 0, "pos": [47, -16]}, "48;-16": {"type": "concrete", "variant": 0, "pos": [48, -16]}, "49;-16": {"type": "concrete", "variant": 0, "pos": [49, -16]}, "49;-15": {"type": "concrete", "variant": 0, "pos": [49, -15]}, "49;-14": {"type": "concrete", "variant": 0, "pos": [49, -14]}, "49;-13": {"type": "concrete", "variant": 0, "pos": [49, -13]}, "49;-12": {"type": "concrete", "variant": 0, "pos": [49, -12]}, "48;-12": {"type": "concrete", "variant": 0, "pos": [48, -12]}, "47;-12": {"type": "concrete", "variant": 0, "pos": [47, -12]}, "47;-13": {"type": "concrete", "variant": 0, "pos": [47, -13]}, "47;-14": {"type": "concrete", "variant": 0, "pos": [47, -14]}, "47;-15": {"type": "concrete", "variant": 0, "pos": [47, -15]}, "46;-15": {"type": "concrete", "variant": 0, "pos": [46, -15]}, "48;-15": {"type": "concrete", "variant": 0, "pos": [48, -15]}, "48;-14": {"type": "concrete", "variant": 0, "pos": [48, -14]}, "48;-13": {"type": "concrete", "variant": 0, "pos": [48, -13]}, "46;-14": {"type": "concrete", "variant": 0, "pos": [46, -14]}, "46;-13": {"type": "concrete", "variant": 0, "pos": [46, -13]}, "46;-12": {"type": "concrete", "variant": 0, "pos": [46, -12]}, "50;-21": {"type": "concrete", "variant": 0, "pos": [50, -21]}, "51;-21": {"type": "concrete", "variant": 0, "pos": [51, -21]}, "52;-21": {"type": "concrete", "variant": 0, "pos": [52, -21]}, "53;-21": {"type": "concrete", "variant": 0, "pos": [53, -21]}, "53;-20": {"type": "concrete", "variant": 0, "pos": [53, -20]}, "53;-19": {"type": "concrete", "variant": 0, "pos": [53, -19]}, "53;-18": {"type": "concrete", "variant": 0, "pos": [53, -18]}, "53;-17": {"type": "concrete", "variant": 0, "pos": [53, -17]}, "52;-17": {"type": "concrete", "variant": 0, "pos": [52, -17]}, "51;-17": {"type": "concrete", "variant": 0, "pos": [51, -17]}, "50;-17": {"type": "concrete", "variant": 0, "pos": [50, -17]}, "50;-18": {"type": "concrete", "variant": 0, "pos": [50, -18]}, "50;-19": {"type": "concrete", "variant": 0, "pos": [50, -19]}, "50;-20": {"type": "concrete", "variant": 0, "pos": [50, -20]}, "51;-20": {"type": "concrete", "variant": 0, "pos": [51, -20]}, "52;-20": {"type": "concrete", "variant": 0, "pos": [52, -20]}, "52;-19": {"type": "concrete", "variant": 0, "pos": [52, -19]}, "52;-18": {"type": "concrete", "variant": 0, "pos": [52, -18]}, "51;-18": {"type": "concrete", "variant": 0, "pos": [51, -18]}, "51;-19": {"type": "concrete", "variant": 0, "pos": [51, -19]}, "37;-23": {"type": "spawners", "variant": 1, "pos": [37, -23]}, "40;-18": {"type": "spawners", "variant": 1, "pos": [40, -18]}, "47;-18": {"type": "spawners", "variant": 1, "pos": [47, -18]}, "51;-23": {"type": "spawners", "variant": 1, "pos": [51, -23]}, "38;-19": {"type": "buildings", "variant": 1, "pos": [38, -19]}, "45;-19": {"type": "buildings", "variant": 1, "pos": [45, -19]}, "49;-24": {"type": "buildings", "variant": 1, "pos": [49, -24]}, "34;-24": {"type": "buildings", "variant": 1, "pos": [34, -24]}, "32;-29": {"type": "buildings", "variant": 3, "pos": [32, -29]}, "32;-35": {"type": "buildings", "variant": 3, "pos": [32, -35]}, "77;3": {"type": "buildings", "variant": 3, "pos": [77, 3]}, "78;-1": {"type": "concrete", "variant": 0, "pos": [78, -1]}, "79;-1": {"type": "concrete", "variant": 0, "pos": [79, -1]}, "80;-1": {"type": "concrete", "variant": 0, "pos": [80, -1]}, "81;-1": {"type": "concrete", "variant": 0, "pos": [81, -1]}, "77;-3": {"type": "buildings", "variant": 3, "pos": [77, -3]}, "77;7": {"type": "spawners", "variant": 3, "pos": [77, 7]}, "70;7": {"type": "spawners", "variant": 3, "pos": [70, 7]}}, "tile_size": 16, "offgrid": [{"type": "buildings", "variant": 2, "pos": [717.3333333333334, 134.38888888888889]}]}